# Host: 192.168.33.10  (Version: 5.5.38-0ubuntu0.12.04.1)
# Date: 2014-10-24 14:20:14
# Generator: MySQL-Front 5.3  (Build 4.156)

/*!40101 SET NAMES utf8 */;

#
# Structure for table "migrations"
#

DROP TABLE IF EXISTS `migrations`;
CREATE TABLE `migrations` (
  `migration` varchar(255) COLLATE utf8_unicode_ci NOT NULL,
  `batch` int(11) NOT NULL
) ENGINE=InnoDB DEFAULT CHARSET=utf8 COLLATE=utf8_unicode_ci;

#
# Data for table "migrations"
#

INSERT INTO `migrations` VALUES ('2014_10_08_102241_create_session_table',1),('2014_10_09_091553_create_password_reminders_table',1),('2014_10_09_114814_user_table',2),('2014_10_09_115157_user_table_data',2),('2014_10_09_120939_user_remember_token',3),('2014_10_10_125630_newusers',4);

#
# Structure for table "oauth_clients"
#

DROP TABLE IF EXISTS `oauth_clients`;
CREATE TABLE `oauth_clients` (
  `id` varchar(40) COLLATE utf8_unicode_ci NOT NULL,
  `secret` varchar(40) COLLATE utf8_unicode_ci NOT NULL,
  `name` varchar(255) COLLATE utf8_unicode_ci NOT NULL,
  `created_at` timestamp NOT NULL DEFAULT '0000-00-00 00:00:00',
  `updated_at` timestamp NOT NULL DEFAULT '0000-00-00 00:00:00',
  `user_id` int(11) DEFAULT NULL,
  UNIQUE KEY `oauth_clients_id_unique` (`id`),
  UNIQUE KEY `oauth_clients_id_secret_unique` (`id`,`secret`)
) ENGINE=InnoDB DEFAULT CHARSET=utf8 COLLATE=utf8_unicode_ci;

#
# Data for table "oauth_clients"
#

INSERT INTO `oauth_clients` VALUES ('apiclientid','apiclientsecret','Api Client','0000-00-00 00:00:00','0000-00-00 00:00:00',NULL),('newid','shyam1','shyam','0000-00-00 00:00:00','0000-00-00 00:00:00',NULL);

#
# Structure for table "oauth_client_metadata"
#

DROP TABLE IF EXISTS `oauth_client_metadata`;
CREATE TABLE `oauth_client_metadata` (
  `id` int(10) unsigned NOT NULL AUTO_INCREMENT,
  `client_id` varchar(40) COLLATE utf8_unicode_ci NOT NULL,
  `key` varchar(40) COLLATE utf8_unicode_ci NOT NULL,
  `value` varchar(255) COLLATE utf8_unicode_ci NOT NULL,
  `created_at` timestamp NOT NULL DEFAULT '0000-00-00 00:00:00',
  `updated_at` timestamp NOT NULL DEFAULT '0000-00-00 00:00:00',
  PRIMARY KEY (`id`),
  UNIQUE KEY `oauth_client_metadata_cid_key_unique` (`client_id`,`key`),
  KEY `oauth_client_metadata_client_id_index` (`client_id`),
  CONSTRAINT `oauth_client_metadata_client_id_foreign` FOREIGN KEY (`client_id`) REFERENCES `oauth_clients` (`id`) ON DELETE CASCADE
) ENGINE=InnoDB DEFAULT CHARSET=utf8 COLLATE=utf8_unicode_ci;

#
# Data for table "oauth_client_metadata"
#


#
# Structure for table "oauth_client_endpoints"
#

DROP TABLE IF EXISTS `oauth_client_endpoints`;
CREATE TABLE `oauth_client_endpoints` (
  `id` int(10) unsigned NOT NULL AUTO_INCREMENT,
  `client_id` varchar(40) COLLATE utf8_unicode_ci NOT NULL,
  `redirect_uri` varchar(255) COLLATE utf8_unicode_ci NOT NULL,
  `created_at` timestamp NOT NULL DEFAULT '0000-00-00 00:00:00',
  `updated_at` timestamp NOT NULL DEFAULT '0000-00-00 00:00:00',
  PRIMARY KEY (`id`),
  KEY `oauth_client_endpoints_client_id_foreign` (`client_id`),
  CONSTRAINT `oauth_client_endpoints_client_id_foreign` FOREIGN KEY (`client_id`) REFERENCES `oauth_clients` (`id`) ON DELETE CASCADE ON UPDATE CASCADE
) ENGINE=InnoDB AUTO_INCREMENT=3 DEFAULT CHARSET=utf8 COLLATE=utf8_unicode_ci;

#
# Data for table "oauth_client_endpoints"
#

INSERT INTO `oauth_client_endpoints` VALUES (1,'newid','http://testserver.co/index.php','0000-00-00 00:00:00','0000-00-00 00:00:00'),(2,'apiclientid','http://testserver.co/index.php','0000-00-00 00:00:00','0000-00-00 00:00:00');

#
# Structure for table "oauth_grants"
#

DROP TABLE IF EXISTS `oauth_grants`;
CREATE TABLE `oauth_grants` (
  `id` int(10) unsigned NOT NULL AUTO_INCREMENT,
  `grant` varchar(255) COLLATE utf8_unicode_ci NOT NULL,
  `created_at` timestamp NOT NULL DEFAULT '0000-00-00 00:00:00',
  `updated_at` timestamp NOT NULL DEFAULT '0000-00-00 00:00:00',
  PRIMARY KEY (`id`),
  UNIQUE KEY `oauth_grants_grant_unique` (`grant`)
) ENGINE=InnoDB AUTO_INCREMENT=3 DEFAULT CHARSET=utf8 COLLATE=utf8_unicode_ci;

#
# Data for table "oauth_grants"
#

INSERT INTO `oauth_grants` VALUES (1,'password','0000-00-00 00:00:00','0000-00-00 00:00:00'),(2,'client_credentials','0000-00-00 00:00:00','0000-00-00 00:00:00');

#
# Structure for table "oauth_client_grants"
#

DROP TABLE IF EXISTS `oauth_client_grants`;
CREATE TABLE `oauth_client_grants` (
  `id` int(10) unsigned NOT NULL AUTO_INCREMENT,
  `client_id` varchar(40) COLLATE utf8_unicode_ci NOT NULL,
  `grant_id` int(10) unsigned NOT NULL,
  `created_at` timestamp NOT NULL DEFAULT '0000-00-00 00:00:00',
  `updated_at` timestamp NOT NULL DEFAULT '0000-00-00 00:00:00',
  PRIMARY KEY (`id`),
  KEY `oauth_client_grants_client_id_foreign` (`client_id`),
  KEY `oauth_client_grants_grant_id_foreign` (`grant_id`),
  CONSTRAINT `oauth_client_grants_client_id_foreign` FOREIGN KEY (`client_id`) REFERENCES `oauth_clients` (`id`) ON DELETE CASCADE,
  CONSTRAINT `oauth_client_grants_grant_id_foreign` FOREIGN KEY (`grant_id`) REFERENCES `oauth_grants` (`id`) ON DELETE CASCADE ON UPDATE NO ACTION
) ENGINE=InnoDB AUTO_INCREMENT=9 DEFAULT CHARSET=utf8 COLLATE=utf8_unicode_ci;

#
# Data for table "oauth_client_grants"
#

INSERT INTO `oauth_client_grants` VALUES (6,'newid',1,'0000-00-00 00:00:00','0000-00-00 00:00:00'),(7,'newid',2,'0000-00-00 00:00:00','0000-00-00 00:00:00'),(8,'apiclientid',2,'0000-00-00 00:00:00','0000-00-00 00:00:00');

#
# Structure for table "oauth_scopes"
#

DROP TABLE IF EXISTS `oauth_scopes`;
CREATE TABLE `oauth_scopes` (
  `id` int(10) unsigned NOT NULL AUTO_INCREMENT,
  `scope` varchar(255) COLLATE utf8_unicode_ci NOT NULL,
  `name` varchar(255) COLLATE utf8_unicode_ci NOT NULL,
  `description` varchar(255) COLLATE utf8_unicode_ci NOT NULL,
  `created_at` timestamp NOT NULL DEFAULT '0000-00-00 00:00:00',
  `updated_at` timestamp NOT NULL DEFAULT '0000-00-00 00:00:00',
  PRIMARY KEY (`id`),
  UNIQUE KEY `oauth_scopes_scope_unique` (`scope`)
) ENGINE=InnoDB AUTO_INCREMENT=4 DEFAULT CHARSET=utf8 COLLATE=utf8_unicode_ci;

#
# Data for table "oauth_scopes"
#

INSERT INTO `oauth_scopes` VALUES (1,'scope1','main scope','scope','0000-00-00 00:00:00','0000-00-00 00:00:00'),(2,'superadmin','Super Admin','Super Admin privilleges','0000-00-00 00:00:00','0000-00-00 00:00:00'),(3,'api','Api User','Api user','0000-00-00 00:00:00','0000-00-00 00:00:00');

#
# Structure for table "oauth_grant_scopes"
#

DROP TABLE IF EXISTS `oauth_grant_scopes`;
CREATE TABLE `oauth_grant_scopes` (
  `id` int(10) unsigned NOT NULL AUTO_INCREMENT,
  `grant_id` int(10) unsigned NOT NULL,
  `scope_id` int(10) unsigned NOT NULL,
  `created_at` timestamp NOT NULL DEFAULT '0000-00-00 00:00:00',
  `updated_at` timestamp NOT NULL DEFAULT '0000-00-00 00:00:00',
  PRIMARY KEY (`id`),
  KEY `oauth_grant_scopes_grant_id_foreign` (`grant_id`),
  KEY `oauth_grant_scopes_scope_id_foreign` (`scope_id`),
  CONSTRAINT `oauth_grant_scopes_grant_id_foreign` FOREIGN KEY (`grant_id`) REFERENCES `oauth_grants` (`id`) ON DELETE CASCADE,
  CONSTRAINT `oauth_grant_scopes_scope_id_foreign` FOREIGN KEY (`scope_id`) REFERENCES `oauth_scopes` (`id`) ON DELETE CASCADE ON UPDATE NO ACTION
) ENGINE=InnoDB AUTO_INCREMENT=6 DEFAULT CHARSET=utf8 COLLATE=utf8_unicode_ci;

#
# Data for table "oauth_grant_scopes"
#

INSERT INTO `oauth_grant_scopes` VALUES (2,1,1,'0000-00-00 00:00:00','0000-00-00 00:00:00'),(3,2,1,'0000-00-00 00:00:00','0000-00-00 00:00:00'),(4,2,3,'0000-00-00 00:00:00','0000-00-00 00:00:00'),(5,1,3,'0000-00-00 00:00:00','0000-00-00 00:00:00');

#
# Structure for table "oauth_client_scopes"
#

DROP TABLE IF EXISTS `oauth_client_scopes`;
CREATE TABLE `oauth_client_scopes` (
  `id` int(10) unsigned NOT NULL AUTO_INCREMENT,
  `client_id` varchar(40) COLLATE utf8_unicode_ci NOT NULL,
  `scope_id` int(10) unsigned NOT NULL,
  `created_at` timestamp NOT NULL DEFAULT '0000-00-00 00:00:00',
  `updated_at` timestamp NOT NULL DEFAULT '0000-00-00 00:00:00',
  PRIMARY KEY (`id`),
  KEY `oauth_client_scopes_client_id_foreign` (`client_id`),
  KEY `oauth_client_scopes_scope_id_foreign` (`scope_id`),
  CONSTRAINT `oauth_client_scopes_client_id_foreign` FOREIGN KEY (`client_id`) REFERENCES `oauth_clients` (`id`) ON DELETE CASCADE,
  CONSTRAINT `oauth_client_scopes_scope_id_foreign` FOREIGN KEY (`scope_id`) REFERENCES `oauth_scopes` (`id`) ON DELETE CASCADE ON UPDATE NO ACTION
) ENGINE=InnoDB AUTO_INCREMENT=5 DEFAULT CHARSET=utf8 COLLATE=utf8_unicode_ci;

#
# Data for table "oauth_client_scopes"
#

INSERT INTO `oauth_client_scopes` VALUES (1,'newid',1,'0000-00-00 00:00:00','0000-00-00 00:00:00'),(3,'apiclientid',3,'0000-00-00 00:00:00','0000-00-00 00:00:00'),(4,'newid',3,'0000-00-00 00:00:00','0000-00-00 00:00:00');

#
# Structure for table "oauth_sessions"
#

DROP TABLE IF EXISTS `oauth_sessions`;
CREATE TABLE `oauth_sessions` (
  `id` int(10) unsigned NOT NULL AUTO_INCREMENT,
  `client_id` varchar(40) COLLATE utf8_unicode_ci NOT NULL,
  `owner_type` enum('client','user') COLLATE utf8_unicode_ci NOT NULL DEFAULT 'user',
  `owner_id` varchar(255) COLLATE utf8_unicode_ci NOT NULL,
  `created_at` timestamp NOT NULL DEFAULT '0000-00-00 00:00:00',
  `updated_at` timestamp NOT NULL DEFAULT '0000-00-00 00:00:00',
  PRIMARY KEY (`id`),
  KEY `oauth_sessions_client_id_owner_type_owner_id_index` (`client_id`,`owner_type`,`owner_id`),
  CONSTRAINT `oauth_sessions_client_id_foreign` FOREIGN KEY (`client_id`) REFERENCES `oauth_clients` (`id`) ON DELETE CASCADE ON UPDATE CASCADE
) ENGINE=InnoDB AUTO_INCREMENT=83 DEFAULT CHARSET=utf8 COLLATE=utf8_unicode_ci;

#
# Data for table "oauth_sessions"
#

INSERT INTO `oauth_sessions` VALUES (1,'newid','user','1','2014-10-10 11:33:56','2014-10-10 11:33:56'),(2,'newid','user','2','2014-10-10 11:35:05','2014-10-10 11:35:05'),(3,'newid','client','newid','2014-10-10 11:38:11','2014-10-10 11:38:11'),(4,'newid','user','2','2014-10-10 11:45:00','2014-10-10 11:45:00'),(5,'newid','user','2','2014-10-10 11:45:03','2014-10-10 11:45:03'),(6,'newid','user','2','2014-10-10 11:45:05','2014-10-10 11:45:05'),(7,'newid','client','newid','2014-10-10 11:45:34','2014-10-10 11:45:34'),(8,'newid','client','newid','2014-10-10 13:04:56','2014-10-10 13:04:56'),(9,'newid','client','newid','2014-10-10 14:21:38','2014-10-10 14:21:38'),(10,'newid','user','2','2014-10-10 14:22:34','2014-10-10 14:22:34'),(11,'newid','user','2','2014-10-10 14:53:40','2014-10-10 14:53:40'),(12,'newid','client','newid','2014-10-10 14:59:17','2014-10-10 14:59:17'),(13,'newid','client','newid','2014-10-10 15:40:56','2014-10-10 15:40:56'),(14,'newid','user','1','2014-10-13 07:37:34','2014-10-13 07:37:34'),(15,'newid','user','1','2014-10-13 07:40:22','2014-10-13 07:40:22'),(16,'newid','user','1','2014-10-13 07:40:52','2014-10-13 07:40:52'),(17,'newid','user','1','2014-10-13 07:42:16','2014-10-13 07:42:16'),(18,'newid','user','1','2014-10-13 07:43:37','2014-10-13 07:43:37'),(19,'newid','user','1','2014-10-13 07:44:00','2014-10-13 07:44:00'),(20,'newid','user','1','2014-10-13 07:44:25','2014-10-13 07:44:25'),(21,'newid','user','1','2014-10-13 07:45:28','2014-10-13 07:45:28'),(22,'newid','user','1','2014-10-13 07:48:52','2014-10-13 07:48:52'),(23,'newid','user','1','2014-10-13 07:49:12','2014-10-13 07:49:12'),(24,'newid','user','1','2014-10-13 07:50:04','2014-10-13 07:50:04'),(25,'newid','user','1','2014-10-13 07:50:30','2014-10-13 07:50:30'),(26,'newid','user','1','2014-10-13 07:50:52','2014-10-13 07:50:52'),(27,'newid','user','1','2014-10-13 07:51:18','2014-10-13 07:51:18'),(28,'newid','user','1','2014-10-13 07:51:47','2014-10-13 07:51:47'),(29,'newid','user','1','2014-10-13 07:54:03','2014-10-13 07:54:03'),(30,'newid','user','1','2014-10-13 08:05:19','2014-10-13 08:05:19'),(31,'newid','user','2','2014-10-13 08:07:02','2014-10-13 08:07:02'),(32,'newid','user','1','2014-10-13 08:13:40','2014-10-13 08:13:40'),(33,'newid','user','1','2014-10-13 08:16:01','2014-10-13 08:16:01'),(34,'newid','user','1','2014-10-13 08:16:54','2014-10-13 08:16:54'),(35,'newid','user','2','2014-10-13 08:18:18','2014-10-13 08:18:18'),(36,'newid','user','1','2014-10-13 08:22:52','2014-10-13 08:22:52'),(37,'newid','user','1','2014-10-13 08:29:32','2014-10-13 08:29:32'),(38,'newid','user','1','2014-10-13 08:31:10','2014-10-13 08:31:10'),(39,'newid','user','1','2014-10-13 08:31:51','2014-10-13 08:31:51'),(40,'newid','user','1','2014-10-13 08:32:44','2014-10-13 08:32:44'),(41,'newid','user','1','2014-10-13 08:33:24','2014-10-13 08:33:24'),(42,'newid','user','1','2014-10-13 08:34:12','2014-10-13 08:34:12'),(43,'newid','user','1','2014-10-13 08:34:29','2014-10-13 08:34:29'),(44,'newid','user','1','2014-10-13 08:35:07','2014-10-13 08:35:07'),(45,'newid','user','2','2014-10-13 08:35:53','2014-10-13 08:35:53'),(46,'newid','user','1','2014-10-13 08:36:12','2014-10-13 08:36:12'),(47,'newid','user','1','2014-10-13 08:40:45','2014-10-13 08:40:45'),(48,'newid','user','1','2014-10-13 08:55:43','2014-10-13 08:55:43'),(49,'newid','client','newid','2014-10-13 09:44:45','2014-10-13 09:44:45'),(50,'newid','client','newid','2014-10-13 09:44:48','2014-10-13 09:44:48'),(51,'newid','client','newid','2014-10-13 09:45:29','2014-10-13 09:45:29'),(52,'newid','client','newid','2014-10-13 09:46:33','2014-10-13 09:46:33'),(53,'apiclientid','client','apiclientid','2014-10-13 09:51:02','2014-10-13 09:51:02'),(54,'apiclientid','client','apiclientid','2014-10-13 09:59:24','2014-10-13 09:59:24'),(55,'apiclientid','client','apiclientid','2014-10-13 10:00:21','2014-10-13 10:00:21'),(56,'apiclientid','client','apiclientid','2014-10-13 10:00:38','2014-10-13 10:00:38'),(57,'apiclientid','client','apiclientid','2014-10-13 10:00:52','2014-10-13 10:00:52'),(58,'apiclientid','client','apiclientid','2014-10-13 10:01:32','2014-10-13 10:01:32'),(59,'apiclientid','client','apiclientid','2014-10-13 10:06:01','2014-10-13 10:06:01'),(60,'apiclientid','client','apiclientid','2014-10-13 10:06:19','2014-10-13 10:06:19'),(61,'apiclientid','client','apiclientid','2014-10-13 10:08:34','2014-10-13 10:08:34'),(62,'apiclientid','client','apiclientid','2014-10-13 10:09:04','2014-10-13 10:09:04'),(63,'apiclientid','client','apiclientid','2014-10-13 10:10:11','2014-10-13 10:10:11'),(64,'apiclientid','client','apiclientid','2014-10-13 10:10:28','2014-10-13 10:10:28'),(65,'apiclientid','client','apiclientid','2014-10-13 10:10:46','2014-10-13 10:10:46'),(66,'apiclientid','client','apiclientid','2014-10-13 10:11:02','2014-10-13 10:11:02'),(67,'newid','user','1','2014-10-13 10:45:01','2014-10-13 10:45:01'),(68,'apiclientid','client','apiclientid','2014-10-13 10:45:16','2014-10-13 10:45:16'),(69,'apiclientid','client','apiclientid','2014-10-13 11:00:23','2014-10-13 11:00:23'),(70,'apiclientid','client','apiclientid','2014-10-13 11:36:09','2014-10-13 11:36:09'),(71,'apiclientid','client','apiclientid','2014-10-13 11:37:11','2014-10-13 11:37:11'),(72,'apiclientid','client','apiclientid','2014-10-13 11:39:44','2014-10-13 11:39:44'),(73,'newid','user','2','2014-10-13 11:46:20','2014-10-13 11:46:20'),(74,'apiclientid','client','apiclientid','2014-10-13 12:34:18','2014-10-13 12:34:18'),(75,'newid','user','1','2014-10-13 12:35:17','2014-10-13 12:35:17'),(76,'newid','user','1','2014-10-13 14:55:03','2014-10-13 14:55:03'),(77,'newid','user','1','2014-10-13 15:05:12','2014-10-13 15:05:12'),(78,'newid','user','1','2014-10-13 15:06:56','2014-10-13 15:06:56'),(79,'newid','user','1','2014-10-13 16:06:32','2014-10-13 16:06:32'),(80,'apiclientid','client','apiclientid','2014-10-13 16:07:16','2014-10-13 16:07:16'),(81,'newid','user','1','2014-10-13 16:12:52','2014-10-13 16:12:52'),(82,'apiclientid','client','apiclientid','2014-10-13 16:13:48','2014-10-13 16:13:48');

#
# Structure for table "oauth_session_redirects"
#

DROP TABLE IF EXISTS `oauth_session_redirects`;
CREATE TABLE `oauth_session_redirects` (
  `session_id` int(10) unsigned NOT NULL,
  `redirect_uri` varchar(255) COLLATE utf8_unicode_ci NOT NULL,
  `created_at` timestamp NOT NULL DEFAULT '0000-00-00 00:00:00',
  `updated_at` timestamp NOT NULL DEFAULT '0000-00-00 00:00:00',
  PRIMARY KEY (`session_id`),
  CONSTRAINT `oauth_session_redirects_session_id_foreign` FOREIGN KEY (`session_id`) REFERENCES `oauth_sessions` (`id`) ON DELETE CASCADE ON UPDATE NO ACTION
) ENGINE=InnoDB DEFAULT CHARSET=utf8 COLLATE=utf8_unicode_ci;

#
# Data for table "oauth_session_redirects"
#


#
# Structure for table "oauth_session_authcodes"
#

DROP TABLE IF EXISTS `oauth_session_authcodes`;
CREATE TABLE `oauth_session_authcodes` (
  `id` int(10) unsigned NOT NULL AUTO_INCREMENT,
  `session_id` int(10) unsigned NOT NULL,
  `auth_code` varchar(40) COLLATE utf8_unicode_ci NOT NULL,
  `auth_code_expires` int(11) NOT NULL,
  `created_at` timestamp NOT NULL DEFAULT '0000-00-00 00:00:00',
  `updated_at` timestamp NOT NULL DEFAULT '0000-00-00 00:00:00',
  PRIMARY KEY (`id`),
  KEY `oauth_session_authcodes_session_id_index` (`session_id`),
  CONSTRAINT `oauth_session_authcodes_session_id_foreign` FOREIGN KEY (`session_id`) REFERENCES `oauth_sessions` (`id`) ON DELETE CASCADE
) ENGINE=InnoDB DEFAULT CHARSET=utf8 COLLATE=utf8_unicode_ci;

#
# Data for table "oauth_session_authcodes"
#


#
# Structure for table "oauth_session_authcode_scopes"
#

DROP TABLE IF EXISTS `oauth_session_authcode_scopes`;
CREATE TABLE `oauth_session_authcode_scopes` (
  `oauth_session_authcode_id` int(10) unsigned NOT NULL,
  `scope_id` int(10) unsigned NOT NULL,
  `created_at` timestamp NOT NULL DEFAULT '0000-00-00 00:00:00',
  `updated_at` timestamp NOT NULL DEFAULT '0000-00-00 00:00:00',
  KEY `oauth_session_authcode_scopes_oauth_session_authcode_id_index` (`oauth_session_authcode_id`),
  KEY `oauth_session_authcode_scopes_scope_id_index` (`scope_id`),
  CONSTRAINT `oauth_session_authcode_scopes_oauth_session_authcode_id_foreign` FOREIGN KEY (`oauth_session_authcode_id`) REFERENCES `oauth_session_authcodes` (`id`) ON DELETE CASCADE,
  CONSTRAINT `oauth_session_authcode_scopes_scope_id_foreign` FOREIGN KEY (`scope_id`) REFERENCES `oauth_scopes` (`id`) ON DELETE CASCADE
) ENGINE=InnoDB DEFAULT CHARSET=utf8 COLLATE=utf8_unicode_ci;

#
# Data for table "oauth_session_authcode_scopes"
#


#
# Structure for table "oauth_session_access_tokens"
#

DROP TABLE IF EXISTS `oauth_session_access_tokens`;
CREATE TABLE `oauth_session_access_tokens` (
  `id` int(10) unsigned NOT NULL AUTO_INCREMENT,
  `session_id` int(10) unsigned NOT NULL,
  `access_token` varchar(40) COLLATE utf8_unicode_ci NOT NULL,
  `access_token_expires` int(11) NOT NULL,
  `created_at` timestamp NOT NULL DEFAULT '0000-00-00 00:00:00',
  `updated_at` timestamp NOT NULL DEFAULT '0000-00-00 00:00:00',
  PRIMARY KEY (`id`),
  UNIQUE KEY `oauth_session_access_tokens_access_token_session_id_unique` (`access_token`,`session_id`),
  KEY `oauth_session_access_tokens_session_id_index` (`session_id`),
  CONSTRAINT `oauth_session_access_tokens_session_id_foreign` FOREIGN KEY (`session_id`) REFERENCES `oauth_sessions` (`id`) ON DELETE CASCADE ON UPDATE NO ACTION
) ENGINE=InnoDB AUTO_INCREMENT=112 DEFAULT CHARSET=utf8 COLLATE=utf8_unicode_ci;

#
# Data for table "oauth_session_access_tokens"
#

INSERT INTO `oauth_session_access_tokens` VALUES (100,71,'eitOP6HqUzYwVcvGiziXoWPjHISHPBWPhzs4UFg5',1413203831,'2014-10-13 11:37:11','2014-10-13 11:37:11'),(101,72,'QWalRkOHgiJV0vFEmx5uxowcIHnPxHkfvfHbzVJQ',1413203984,'2014-10-13 11:39:44','2014-10-13 11:39:44'),(102,73,'FL6EiV85bHOGCQS3mcdZFMvmv4PvGbXCRQ0C0IVR',1413805580,'2014-10-13 11:46:20','2014-10-13 11:46:20'),(103,74,'vxumGBMKCpR4rBYmTvvb2Q7HCK5p1dpp6So1EKif',1413207258,'2014-10-13 12:34:18','2014-10-13 12:34:18'),(104,75,'tN5ICzrWICK8qU5R6tOe6MdplkEVrBPWZe0Y4gdl',1413808517,'2014-10-13 12:35:17','2014-10-13 12:35:17'),(105,76,'olsh2YqvWyI4fgwP2Skt4UEtJirQTWAqwMTDnau6',1413816903,'2014-10-13 14:55:03','2014-10-13 14:55:03'),(106,77,'yYTAM6Tueet4pofQgcXDzVayZFgQPGztGSrXvdUV',1413817512,'2014-10-13 15:05:12','2014-10-13 15:05:12'),(107,78,'2BWvqtLGMsdQoetLs7d4C8jq7b9JnwjzWGuDrB1d',1413817616,'2014-10-13 15:06:56','2014-10-13 15:06:56'),(108,79,'yifZ5Nl1o9ym0QeWZ4AMXME4Cbf6IuCFC6ZfFrED',1413821192,'2014-10-13 16:06:32','2014-10-13 16:06:32'),(109,80,'ubiqrWUYYBtOT7t9XGUyeZjeyTK8LAnXvuhIm29Y',1413220036,'2014-10-13 16:07:16','2014-10-13 16:07:16'),(110,81,'bHuCq7R3BaUT51x44EWzZbNDZhtJjMxc1pVMz97v',1413821572,'2014-10-13 16:12:52','2014-10-13 16:12:52'),(111,82,'TRA0dpPwvSp18bBdos8gHQzyc07enTsuhUIGwYGx',1413220428,'2014-10-13 16:13:48','2014-10-13 16:13:48');

#
# Structure for table "oauth_session_token_scopes"
#

DROP TABLE IF EXISTS `oauth_session_token_scopes`;
CREATE TABLE `oauth_session_token_scopes` (
  `id` int(10) unsigned NOT NULL AUTO_INCREMENT,
  `session_access_token_id` int(10) unsigned NOT NULL,
  `scope_id` int(10) unsigned NOT NULL,
  `created_at` timestamp NOT NULL DEFAULT '0000-00-00 00:00:00',
  `updated_at` timestamp NOT NULL DEFAULT '0000-00-00 00:00:00',
  PRIMARY KEY (`id`),
  UNIQUE KEY `oauth_session_token_scopes_satid_sid_unique` (`session_access_token_id`,`scope_id`),
  KEY `oauth_session_token_scopes_scope_id_index` (`scope_id`),
  CONSTRAINT `oauth_session_token_scopes_scope_id_foreign` FOREIGN KEY (`scope_id`) REFERENCES `oauth_scopes` (`id`) ON DELETE CASCADE ON UPDATE NO ACTION,
  CONSTRAINT `oauth_session_token_scopes_session_access_token_id_foreign` FOREIGN KEY (`session_access_token_id`) REFERENCES `oauth_session_access_tokens` (`id`) ON DELETE CASCADE ON UPDATE NO ACTION
) ENGINE=InnoDB AUTO_INCREMENT=115 DEFAULT CHARSET=utf8 COLLATE=utf8_unicode_ci;

#
# Data for table "oauth_session_token_scopes"
#

INSERT INTO `oauth_session_token_scopes` VALUES (100,100,3,'2014-10-13 11:37:11','2014-10-13 11:37:11'),(101,101,3,'2014-10-13 11:39:44','2014-10-13 11:39:44'),(102,102,1,'2014-10-13 11:46:20','2014-10-13 11:46:20'),(103,103,3,'2014-10-13 12:34:18','2014-10-13 12:34:18'),(104,104,1,'2014-10-13 12:35:17','2014-10-13 12:35:17'),(105,105,1,'2014-10-13 14:55:03','2014-10-13 14:55:03'),(106,106,1,'2014-10-13 15:05:12','2014-10-13 15:05:12'),(107,107,1,'2014-10-13 15:06:56','2014-10-13 15:06:56'),(108,107,3,'2014-10-13 15:06:56','2014-10-13 15:06:56'),(109,108,1,'2014-10-13 16:06:32','2014-10-13 16:06:32'),(110,108,3,'2014-10-13 16:06:32','2014-10-13 16:06:32'),(111,109,3,'2014-10-13 16:07:16','2014-10-13 16:07:16'),(112,110,1,'2014-10-13 16:12:52','2014-10-13 16:12:52'),(113,110,3,'2014-10-13 16:12:52','2014-10-13 16:12:52'),(114,111,3,'2014-10-13 16:13:48','2014-10-13 16:13:48');

#
# Structure for table "oauth_session_refresh_tokens"
#

DROP TABLE IF EXISTS `oauth_session_refresh_tokens`;
CREATE TABLE `oauth_session_refresh_tokens` (
  `session_access_token_id` int(10) unsigned NOT NULL,
  `refresh_token` varchar(40) COLLATE utf8_unicode_ci NOT NULL,
  `refresh_token_expires` int(11) NOT NULL,
  `client_id` varchar(40) COLLATE utf8_unicode_ci NOT NULL,
  `created_at` timestamp NOT NULL DEFAULT '0000-00-00 00:00:00',
  `updated_at` timestamp NOT NULL DEFAULT '0000-00-00 00:00:00',
  PRIMARY KEY (`session_access_token_id`),
  KEY `oauth_session_refresh_tokens_client_id_index` (`client_id`),
  CONSTRAINT `oauth_session_refresh_tokens_client_id_foreign` FOREIGN KEY (`client_id`) REFERENCES `oauth_clients` (`id`) ON DELETE CASCADE,
  CONSTRAINT `oauth_session_refresh_tokens_session_access_token_id_foreign` FOREIGN KEY (`session_access_token_id`) REFERENCES `oauth_session_access_tokens` (`id`) ON DELETE CASCADE ON UPDATE NO ACTION
) ENGINE=InnoDB DEFAULT CHARSET=utf8 COLLATE=utf8_unicode_ci;

#
# Data for table "oauth_session_refresh_tokens"
#

INSERT INTO `oauth_session_refresh_tokens` VALUES (102,'xfHAXQYaGvVoWZ73XdQgKL0y0TWbgq3BEqGL9Qr7',1413805580,'newid','2014-10-13 11:46:20','2014-10-13 11:46:20'),(104,'Sxmc5qbe737BHkfdLYoUEGObpUHjkPm7Ihz6nOcz',1413808517,'newid','2014-10-13 12:35:17','2014-10-13 12:35:17'),(105,'iIuQUkfH6N0vSpyjZigluIe5dg7cv68RofnmjkzX',1413816903,'newid','2014-10-13 14:55:03','2014-10-13 14:55:03'),(106,'Zx8VMmRTL0HoyvnjBaaYrS6qZNNYE4G2SAXvSQpn',1413817512,'newid','2014-10-13 15:05:12','2014-10-13 15:05:12'),(107,'fULfO6yeMqMsQNiLwFswgcGGBp2dmnCUQsF7a7xk',1413817616,'newid','2014-10-13 15:06:56','2014-10-13 15:06:56'),(108,'1rOkEfWFYSgOrOPF3jmRUti8EYQobwoCzC7pD6ks',1413821192,'newid','2014-10-13 16:06:32','2014-10-13 16:06:32'),(110,'BnHJvn28q2KCT7yEVkaDENFnwmW0O6WuMdJppu86',1413821572,'newid','2014-10-13 16:12:52','2014-10-13 16:12:52');

#
# Structure for table "password_reminders"
#

DROP TABLE IF EXISTS `password_reminders`;
CREATE TABLE `password_reminders` (
  `email` varchar(255) COLLATE utf8_unicode_ci NOT NULL,
  `token` varchar(255) COLLATE utf8_unicode_ci NOT NULL,
  `created_at` timestamp NOT NULL DEFAULT '0000-00-00 00:00:00',
  KEY `password_reminders_email_index` (`email`),
  KEY `password_reminders_token_index` (`token`)
) ENGINE=InnoDB DEFAULT CHARSET=utf8 COLLATE=utf8_unicode_ci;

#
# Data for table "password_reminders"
#


#
# Structure for table "sessions"
#

DROP TABLE IF EXISTS `sessions`;
CREATE TABLE `sessions` (
  `id` varchar(255) COLLATE utf8_unicode_ci NOT NULL,
  `payload` text COLLATE utf8_unicode_ci NOT NULL,
  `last_activity` int(11) NOT NULL,
  UNIQUE KEY `sessions_id_unique` (`id`)
) ENGINE=InnoDB DEFAULT CHARSET=utf8 COLLATE=utf8_unicode_ci;

#
# Data for table "sessions"
#

INSERT INTO `sessions` VALUES ('00977220f441368c9fe533f80d38967ba0eb8095','YTozOntzOjY6Il90b2tlbiI7czo0MDoieVlIV3prUExlSmdJbDUyRDVHNVlCeVFjejZzajZSRG5CZGVIZllmaSI7czo5OiJfc2YyX21ldGEiO2E6Mzp7czoxOiJ1IjtpOjE0MTI5MzkyMjA7czoxOiJjIjtpOjE0MTI5MzkyMjA7czoxOiJsIjtzOjE6IjAiO31zOjU6ImZsYXNoIjthOjI6e3M6Mzoib2xkIjthOjA6e31zOjM6Im5ldyI7YTowOnt9fX0=',1412939220),('014bb38384c0b71f2cae652f31318785035b77b7','YTozOntzOjY6Il90b2tlbiI7czo0MDoiWWg2NmZNRkdYT2tiSG43YTV3NGF4Q0NuRXZJNEJXVEZkMktLTGNFbiI7czo5OiJfc2YyX21ldGEiO2E6Mzp7czoxOiJ1IjtpOjE0MTI5MzM5MDA7czoxOiJjIjtpOjE0MTI5MzM5MDA7czoxOiJsIjtzOjE6IjAiO31zOjU6ImZsYXNoIjthOjI6e3M6Mzoib2xkIjthOjA6e31zOjM6Im5ldyI7YTowOnt9fX0=',1412933900),('0213bb38f82102ec392af84c447162ce2fa32760','YTozOntzOjY6Il90b2tlbiI7czo0MDoib0MwSHpEZnc3WHFNZ3FpWVBOeVhScXJrOWtPR04wMHZpZnNiZDZjayI7czo5OiJfc2YyX21ldGEiO2E6Mzp7czoxOiJ1IjtpOjE0MTI5NDA2ODg7czoxOiJjIjtpOjE0MTI5NDA2ODg7czoxOiJsIjtzOjE6IjAiO31zOjU6ImZsYXNoIjthOjI6e3M6Mzoib2xkIjthOjA6e31zOjM6Im5ldyI7YTowOnt9fX0=',1412940688),('0368c6c158381ead7a58ae97f406f5b75641ab1d','YTozOntzOjY6Il90b2tlbiI7czo0MDoiTW9GT2pTcnZ6WDhEczY0VTQya2dtcUJiNDl5NFRNRllrRWZTRzZpUyI7czo5OiJfc2YyX21ldGEiO2E6Mzp7czoxOiJ1IjtpOjE0MTMxOTgwMjM7czoxOiJjIjtpOjE0MTMxOTgwMjM7czoxOiJsIjtzOjE6IjAiO31zOjU6ImZsYXNoIjthOjI6e3M6Mzoib2xkIjthOjA6e31zOjM6Im5ldyI7YTowOnt9fX0=',1413198023),('0369068dcf146cc9244946bbd2697534ba4caa08','YTozOntzOjY6Il90b2tlbiI7czo0MDoiSnB3cjkwbldWT2xBdUFhZXU3RTRHektMYTBvMlp3Q2k1QTVXcHdCZyI7czo5OiJfc2YyX21ldGEiO2E6Mzp7czoxOiJ1IjtpOjE0MTI5NDU4OTI7czoxOiJjIjtpOjE0MTI5NDU4OTI7czoxOiJsIjtzOjE6IjAiO31zOjU6ImZsYXNoIjthOjI6e3M6Mzoib2xkIjthOjA6e31zOjM6Im5ldyI7YTowOnt9fX0=',1412945892),('04646191956e52be2db37048792afc918871e27a','YTozOntzOjY6Il90b2tlbiI7czo0MDoiWWh4b0pNZDJ6U2lSUVJlaTA3VkxPMmlSRnAwV052VlJDZ241bG9BTiI7czo5OiJfc2YyX21ldGEiO2E6Mzp7czoxOiJ1IjtpOjE0MTMxODg1NzI7czoxOiJjIjtpOjE0MTMxODg1NzI7czoxOiJsIjtzOjE6IjAiO31zOjU6ImZsYXNoIjthOjI6e3M6Mzoib2xkIjthOjA6e31zOjM6Im5ldyI7YTowOnt9fX0=',1413188572),('04b133e321adf0fc042b5e4d00cf33700f23c9df','YTozOntzOjY6Il90b2tlbiI7czo0MDoiaGNTV3lQemtiNTY4dFFjRk82OTNjQVBxQUVGY3I4czQzM2wwcDRWUSI7czo5OiJfc2YyX21ldGEiO2E6Mzp7czoxOiJ1IjtpOjE0MTMxODc5OTQ7czoxOiJjIjtpOjE0MTMxODc5OTQ7czoxOiJsIjtzOjE6IjAiO31zOjU6ImZsYXNoIjthOjI6e3M6Mzoib2xkIjthOjA6e31zOjM6Im5ldyI7YTowOnt9fX0=',1413187994),('0684855490d3e200c9b5b8c89a5648571edea67a','YTozOntzOjY6Il90b2tlbiI7czo0MDoiVXpRaGo4OG04THZBTW1SUFM3aFdxOXlYbmMwRmJQekFnUmRXa0JHQyI7czo5OiJfc2YyX21ldGEiO2E6Mzp7czoxOiJ1IjtpOjE0MTMxODkyMDQ7czoxOiJjIjtpOjE0MTMxODkyMDQ7czoxOiJsIjtzOjE6IjAiO31zOjU6ImZsYXNoIjthOjI6e3M6Mzoib2xkIjthOjA6e31zOjM6Im5ldyI7YTowOnt9fX0=',1413189204),('0867cea357e642ab53888e18f4f7104b2e078bd7','YTozOntzOjY6Il90b2tlbiI7czo0MDoiSGVNWnVxTEI4alBzNkVpSmxSM3RRYmp6Rms2d0doc1ZJcTU3dnhUVyI7czo5OiJfc2YyX21ldGEiO2E6Mzp7czoxOiJ1IjtpOjE0MTMxOTQ5MTQ7czoxOiJjIjtpOjE0MTMxOTQ5MTQ7czoxOiJsIjtzOjE6IjAiO31zOjU6ImZsYXNoIjthOjI6e3M6Mzoib2xkIjthOjA6e31zOjM6Im5ldyI7YTowOnt9fX0=',1413194915),('08d37bd3df39e0736842eabe39b129201b3ec928','YTozOntzOjY6Il90b2tlbiI7czo0MDoiT2czNE1xZGNEQU02UGk2T0NTNkRKSVNteFJxdTA2Z25GQkhhOTdLSSI7czo5OiJfc2YyX21ldGEiO2E6Mzp7czoxOiJ1IjtpOjE0MTMxODU2ODI7czoxOiJjIjtpOjE0MTMxODU2ODI7czoxOiJsIjtzOjE6IjAiO31zOjU6ImZsYXNoIjthOjI6e3M6Mzoib2xkIjthOjA6e31zOjM6Im5ldyI7YTowOnt9fX0=',1413185682),('09af357f5858b29ebac08bb29cdc14704423260c','YTozOntzOjY6Il90b2tlbiI7czo0MDoiWTB3UnFLV3NsM0M2TjZEemV6Z1RjTFBsUUh6eUljM041am1pYUd6TiI7czo5OiJfc2YyX21ldGEiO2E6Mzp7czoxOiJ1IjtpOjE0MTMxOTQzNjM7czoxOiJjIjtpOjE0MTMxOTQzNjM7czoxOiJsIjtzOjE6IjAiO31zOjU6ImZsYXNoIjthOjI6e3M6Mzoib2xkIjthOjA6e31zOjM6Im5ldyI7YTowOnt9fX0=',1413194364),('0d6115be2995be85931b2499fdfff0587aba4105','YTozOntzOjY6Il90b2tlbiI7czo0MDoiUGtRRXl5SGQ2V0tEQmNqR3hqUm9oMXBhRVBpamk1eExZQ1RoSEllNyI7czo5OiJfc2YyX21ldGEiO2E6Mzp7czoxOiJ1IjtpOjE0MTI5NDA2ODA7czoxOiJjIjtpOjE0MTI5NDA2ODA7czoxOiJsIjtzOjE6IjAiO31zOjU6ImZsYXNoIjthOjI6e3M6Mzoib2xkIjthOjA6e31zOjM6Im5ldyI7YTowOnt9fX0=',1412940681),('0dd88181620fbda68f71288fa915384438da1f0d','YTozOntzOjY6Il90b2tlbiI7czo0MDoidDRNN2tlcVlNMWFLcUh2ckVOampzRmc4bE5nRUVST1p6a1dUWEwzVyI7czo5OiJfc2YyX21ldGEiO2E6Mzp7czoxOiJ1IjtpOjE0MTMxOTM1OTM7czoxOiJjIjtpOjE0MTMxOTM1OTM7czoxOiJsIjtzOjE6IjAiO31zOjU6ImZsYXNoIjthOjI6e3M6Mzoib2xkIjthOjA6e31zOjM6Im5ldyI7YTowOnt9fX0=',1413193593),('0fe701d7e9cdb962a870a3339be522f69a4d9461','YTozOntzOjY6Il90b2tlbiI7czo0MDoid3E0RWkzNFJkb0Jrc1dWcmg1emU3bFhLWEgzMG1uMTl4Mk5Zb0Z0dSI7czo5OiJfc2YyX21ldGEiO2E6Mzp7czoxOiJ1IjtpOjE0MTMyMTI3MTM7czoxOiJjIjtpOjE0MTMyMTI3MTM7czoxOiJsIjtzOjE6IjAiO31zOjU6ImZsYXNoIjthOjI6e3M6Mzoib2xkIjthOjA6e31zOjM6Im5ldyI7YTowOnt9fX0=',1413212714),('11711af9a7640ec6ce5de3e7641eb928502cbc6c','YTozOntzOjY6Il90b2tlbiI7czo0MDoiMlE2M2FFbzlJNU43YmZSQWlaZXllY1Z0NUtYWlg4M1ZoRUZNdzVISiI7czo5OiJfc2YyX21ldGEiO2E6Mzp7czoxOiJ1IjtpOjE0MTMyMTI2MzU7czoxOiJjIjtpOjE0MTMyMTI2MzU7czoxOiJsIjtzOjE6IjAiO31zOjU6ImZsYXNoIjthOjI6e3M6Mzoib2xkIjthOjA6e31zOjM6Im5ldyI7YTowOnt9fX0=',1413212635),('137e4cdbcd6edebb17126cde0921f7b7aca98ea0','YTozOntzOjY6Il90b2tlbiI7czo0MDoiVURCWXZsYTlVMWhibEpzZTAyZlpoQzZPR3pwcUJGek1VVzFLTmR6diI7czo5OiJfc2YyX21ldGEiO2E6Mzp7czoxOiJ1IjtpOjE0MTI5MzUyMDQ7czoxOiJjIjtpOjE0MTI5MzUyMDQ7czoxOiJsIjtzOjE6IjAiO31zOjU6ImZsYXNoIjthOjI6e3M6Mzoib2xkIjthOjA6e31zOjM6Im5ldyI7YTowOnt9fX0=',1412935205),('1468448f2abcd72e5ec98b71997ae989f8bdf371','YTo0OntzOjY6Il90b2tlbiI7czo0MDoibWU3VW43NHZuNTBuNDdIRjJLdXNBRTNQbjJQOEFURkRxemQzSkw0OSI7czozOiJ1cmwiO2E6MTp7czo4OiJpbnRlbmRlZCI7czoyODoiaHR0cDovLzE5Mi4xNjguMzMuMTAvcHJvZmlsZSI7fXM6OToiX3NmMl9tZXRhIjthOjM6e3M6MToidSI7aToxNDEyOTQ1Njc2O3M6MToiYyI7aToxNDEyOTQ1Njc2O3M6MToibCI7czoxOiIwIjt9czo1OiJmbGFzaCI7YToyOntzOjM6Im9sZCI7YTowOnt9czozOiJuZXciO2E6MDp7fX19',1412945676),('165788d3507199c6d3b2c06f731dacf59f1648b8','YTo0OntzOjY6Il90b2tlbiI7czo0MDoiN3dnYUlrMzF4Nk5nS1ZBRHFuTzlkbURIVUo3WE5lbnhDek9oMXUwYiI7czozODoibG9naW5fODJlNWQyYzU2YmRkMDgxMTMxOGYwY2YwNzhiNzhiZmMiO3M6MToiMSI7czo5OiJfc2YyX21ldGEiO2E6Mzp7czoxOiJ1IjtpOjE0MTI5NDU2NjQ7czoxOiJjIjtpOjE0MTI5NDU2NjQ7czoxOiJsIjtzOjE6IjAiO31zOjU6ImZsYXNoIjthOjI6e3M6Mzoib2xkIjthOjA6e31zOjM6Im5ldyI7YTowOnt9fX0=',1412945665),('18e82ab100554ba6457497fbd6ef791c655c3501','YTozOntzOjY6Il90b2tlbiI7czo0MDoieHdUTEtsbTdiZUluemhnMWlRNTJJd09NYU1xZm9icVNCTVZNNlVRbiI7czo5OiJfc2YyX21ldGEiO2E6Mzp7czoxOiJ1IjtpOjE0MTMyMTY3NjI7czoxOiJjIjtpOjE0MTMyMTY3NjI7czoxOiJsIjtzOjE6IjAiO31zOjU6ImZsYXNoIjthOjI6e3M6Mzoib2xkIjthOjA6e31zOjM6Im5ldyI7YTowOnt9fX0=',1413216762),('194cf363b272f0485c358ac0e9fbe97844724b0b','YTozOntzOjY6Il90b2tlbiI7czo0MDoiSHFGSkxTYXZZY3U2VHBVWlg0VUdYbG5sUFdmcGE0bTFPT0lQUmZVTyI7czo5OiJfc2YyX21ldGEiO2E6Mzp7czoxOiJ1IjtpOjE0MTMyMDA3OTg7czoxOiJjIjtpOjE0MTMyMDA3OTg7czoxOiJsIjtzOjE6IjAiO31zOjU6ImZsYXNoIjthOjI6e3M6Mzoib2xkIjthOjA6e31zOjM6Im5ldyI7YTowOnt9fX0=',1413200798),('1a6c990060e79a54b581d08df2c69abf36661c8d','YTozOntzOjY6Il90b2tlbiI7czo0MDoiYTFUeGNDb3VpakZ3U3ZVZUdlRHJQTUtYSXl0VHBMTXp5MHVldnRqcyI7czo5OiJfc2YyX21ldGEiO2E6Mzp7czoxOiJ1IjtpOjE0MTMxODY4NDM7czoxOiJjIjtpOjE0MTMxODY4NDM7czoxOiJsIjtzOjE6IjAiO31zOjU6ImZsYXNoIjthOjI6e3M6Mzoib2xkIjthOjA6e31zOjM6Im5ldyI7YTowOnt9fX0=',1413186843),('1b186988e6a1ba3781b2a22fe33c4c552778a157','YTozOntzOjY6Il90b2tlbiI7czo0MDoiWkw0anMzb281Yk5oTVVEeUs2M2R1SnlBeGYwbFpUOVJXMkZodXNBWCI7czo5OiJfc2YyX21ldGEiO2E6Mzp7czoxOiJ1IjtpOjE0MTMyMTU5MzE7czoxOiJjIjtpOjE0MTMyMTU5MzE7czoxOiJsIjtzOjE6IjAiO31zOjU6ImZsYXNoIjthOjI6e3M6Mzoib2xkIjthOjA6e31zOjM6Im5ldyI7YTowOnt9fX0=',1413215932),('1b654fc683a5ea5f8bd924edd3f6b96715ea5ea1','YTozOntzOjY6Il90b2tlbiI7czo0MDoiaVJXUk1XaDd1MXdsVFZwRHVSendPSGZPYUdBeXpzOE1EWG1OejFwSyI7czo5OiJfc2YyX21ldGEiO2E6Mzp7czoxOiJ1IjtpOjE0MTMxODgyOTc7czoxOiJjIjtpOjE0MTMxODgyOTc7czoxOiJsIjtzOjE6IjAiO31zOjU6ImZsYXNoIjthOjI6e3M6Mzoib2xkIjthOjA6e31zOjM6Im5ldyI7YTowOnt9fX0=',1413188298),('1d3d8b3921f4917ea70f4583389eba369401170d','YTozOntzOjY6Il90b2tlbiI7czo0MDoiMWNaTG42Y0VvanFVNm05TzNhd1Q4WWZFR1U0Z2VMQXVsbWE4amliSiI7czo5OiJfc2YyX21ldGEiO2E6Mzp7czoxOiJ1IjtpOjE0MTMxODYwNTI7czoxOiJjIjtpOjE0MTMxODYwNTI7czoxOiJsIjtzOjE6IjAiO31zOjU6ImZsYXNoIjthOjI6e3M6Mzoib2xkIjthOjA6e31zOjM6Im5ldyI7YTowOnt9fX0=',1413186052),('1dbe1d428166aed0222add75eac00c69d88d8201','YTo1OntzOjY6Il90b2tlbiI7czo0MDoicE1IblBtRzRIN3JwcUhwZUVkZm96UWwxWDY2bXpqbVZnVjMyRU1hTyI7czo1OiJmbGFzaCI7YToyOntzOjM6Im9sZCI7YTowOnt9czozOiJuZXciO2E6MDp7fX1zOjM6InVybCI7YToxOntzOjg6ImludGVuZGVkIjtzOjE0NDoiaHR0cDovL2xhcmF2ZWwudGVzdHNlcnZlci5jby9vYXV0aC9hdXRob3JpemU/Y2xpZW50X2lkPW5ld2lkJnJlZGlyZWN0X3VyaT1odHRwJTNBJTJGJTJGdGVzdHNlcnZlci5jbyUyRmluZGV4LnBocCZyZXNwb25zZV90eXBlPWNvZGUmc2NvcGU9c2NvcGUxIjt9czozODoibG9naW5fODJlNWQyYzU2YmRkMDgxMTMxOGYwY2YwNzhiNzhiZmMiO3M6MToiMSI7czo5OiJfc2YyX21ldGEiO2E6Mzp7czoxOiJ1IjtpOjE0MTMyMDQ5NDY7czoxOiJjIjtpOjE0MTI4NTU5ODM7czoxOiJsIjtzOjE6IjAiO319',1413204946),('1e36bbbbe2490b251c92e5b3bc2ff2dd7e608d31','YTozOntzOjY6Il90b2tlbiI7czo0MDoiNEZMNUFMR1ZnMVQxYlpFMEpjM0l4aFJIQWpGd3N5SThhSVVJdHVuUCI7czo5OiJfc2YyX21ldGEiO2E6Mzp7czoxOiJ1IjtpOjE0MTI5MzIxMzU7czoxOiJjIjtpOjE0MTI5MzIxMzU7czoxOiJsIjtzOjE6IjAiO31zOjU6ImZsYXNoIjthOjI6e3M6Mzoib2xkIjthOjA6e31zOjM6Im5ldyI7YTowOnt9fX0=',1412932135),('1feba6e908d5b2c0d93a0ad2d317505019f508bc','YTozOntzOjY6Il90b2tlbiI7czo0MDoidkVxT1lDR1NuSURNVlRoaDdwdEhMdzBoV2xmQWl3NTh0VWRYUGEwWSI7czo5OiJfc2YyX21ldGEiO2E6Mzp7czoxOiJ1IjtpOjE0MTMxOTQ0Mzg7czoxOiJjIjtpOjE0MTMxOTQ0Mzg7czoxOiJsIjtzOjE6IjAiO31zOjU6ImZsYXNoIjthOjI6e3M6Mzoib2xkIjthOjA6e31zOjM6Im5ldyI7YTowOnt9fX0=',1413194438),('20961bae4855eb08ce1cc0e22c3b6c56add7ff5d','YTozOntzOjY6Il90b2tlbiI7czo0MDoiSWRKeXA0aVZIemxzOVd5Q2FNWUhIQ1BuMU1Rak1iRm5KeEFXQ29QdSI7czo5OiJfc2YyX21ldGEiO2E6Mzp7czoxOiJ1IjtpOjE0MTMxOTQ0NTI7czoxOiJjIjtpOjE0MTMxOTQ0NTI7czoxOiJsIjtzOjE6IjAiO31zOjU6ImZsYXNoIjthOjI6e3M6Mzoib2xkIjthOjA6e31zOjM6Im5ldyI7YTowOnt9fX0=',1413194452),('211b37889876e44baa3ce571d18514154402f5e1','YTozOntzOjY6Il90b2tlbiI7czo0MDoieHd6RXZ5dEkyV1hkOVFQYkx2YVQ3cHB5RTl2RzdRSUdvZVk1bDRUbSI7czo5OiJfc2YyX21ldGEiO2E6Mzp7czoxOiJ1IjtpOjE0MTMyMTI3NzA7czoxOiJjIjtpOjE0MTMyMTI3NzA7czoxOiJsIjtzOjE6IjAiO31zOjU6ImZsYXNoIjthOjI6e3M6Mzoib2xkIjthOjA6e31zOjM6Im5ldyI7YTowOnt9fX0=',1413212770),('2140a73cca36693c748184766a1a0bac9c46575a','YTozOntzOjY6Il90b2tlbiI7czo0MDoiWkVxU1JyVkR5MmFVd29RaFByQ1BpZnlEYmZQQ09rMjJLNjRka1hzayI7czo5OiJfc2YyX21ldGEiO2E6Mzp7czoxOiJ1IjtpOjE0MTMyMTYwMjE7czoxOiJjIjtpOjE0MTMyMTYwMjE7czoxOiJsIjtzOjE6IjAiO31zOjU6ImZsYXNoIjthOjI6e3M6Mzoib2xkIjthOjA6e31zOjM6Im5ldyI7YTowOnt9fX0=',1413216022),('22544fbb302f6bc59c265f71aedaa82c4eedc2b4','YTozOntzOjY6Il90b2tlbiI7czo0MDoiNHFibU1QN1NVQnFOclA3ZVkxNUZPVzVFQW9NR1RteWxGYTR2VElSMyI7czo5OiJfc2YyX21ldGEiO2E6Mzp7czoxOiJ1IjtpOjE0MTI5MzUxOTk7czoxOiJjIjtpOjE0MTI5MzUxOTk7czoxOiJsIjtzOjE6IjAiO31zOjU6ImZsYXNoIjthOjI6e3M6Mzoib2xkIjthOjA6e31zOjM6Im5ldyI7YTowOnt9fX0=',1412935199),('2322da923712ac0c53376980c2e868771478895b','YTozOntzOjY6Il90b2tlbiI7czo0MDoiVjFJa3VubHMwZ3l5STlKV0dZSmdWSnBDblFqYnZaOGplUEREUzM0MyI7czo5OiJfc2YyX21ldGEiO2E6Mzp7czoxOiJ1IjtpOjE0MTMxODkzNzI7czoxOiJjIjtpOjE0MTMxODkzNzI7czoxOiJsIjtzOjE6IjAiO31zOjU6ImZsYXNoIjthOjI6e3M6Mzoib2xkIjthOjA6e31zOjM6Im5ldyI7YTowOnt9fX0=',1413189372),('24dd5aa876ed6d91c87d5de823a30e3ccfa10d0b','YTozOntzOjY6Il90b2tlbiI7czo0MDoiMnJ6anhpRFdGYlgwVEgzd3RTTXBxRDE1MFhaS3BSQzZKQkNSYlNZaCI7czo5OiJfc2YyX21ldGEiO2E6Mzp7czoxOiJ1IjtpOjE0MTI5MzQ0MzE7czoxOiJjIjtpOjE0MTI5MzQ0MzE7czoxOiJsIjtzOjE6IjAiO31zOjU6ImZsYXNoIjthOjI6e3M6Mzoib2xkIjthOjA6e31zOjM6Im5ldyI7YTowOnt9fX0=',1412934431),('2567ce0486303721640e82dcb1224cd06d3c2b59','YTozOntzOjY6Il90b2tlbiI7czo0MDoiVWhqV2hid05YcE41a2Z1bmd5cmZlUmdUc3Q5RmZnczFmNnF4YURjciI7czo5OiJfc2YyX21ldGEiO2E6Mzp7czoxOiJ1IjtpOjE0MTMyMTYzOTI7czoxOiJjIjtpOjE0MTMyMTYzOTI7czoxOiJsIjtzOjE6IjAiO31zOjU6ImZsYXNoIjthOjI6e3M6Mzoib2xkIjthOjA6e31zOjM6Im5ldyI7YTowOnt9fX0=',1413216392),('256a52c345f99a188501fc7a50dff85d8da0b178','YTozOntzOjY6Il90b2tlbiI7czo0MDoiU0dwWDZCeTlpTGN0SjJ0OXdXQkVkUEdCS0I1T1ptblRSbWdBVkpLNiI7czo5OiJfc2YyX21ldGEiO2E6Mzp7czoxOiJ1IjtpOjE0MTI5MzIxMDA7czoxOiJjIjtpOjE0MTI5MzIxMDA7czoxOiJsIjtzOjE6IjAiO31zOjU6ImZsYXNoIjthOjI6e3M6Mzoib2xkIjthOjA6e31zOjM6Im5ldyI7YTowOnt9fX0=',1412932100),('273fbde710d29dc7e600841f75a9d324be76c278','YTozOntzOjY6Il90b2tlbiI7czo0MDoiM0JSUlE0dWRpSmJGS0s3MWtINXJoWXRkSkhkcTdYUWVESGlQR0ZZQSI7czo5OiJfc2YyX21ldGEiO2E6Mzp7czoxOiJ1IjtpOjE0MTI5MzI0MDg7czoxOiJjIjtpOjE0MTI5MzI0MDg7czoxOiJsIjtzOjE6IjAiO31zOjU6ImZsYXNoIjthOjI6e3M6Mzoib2xkIjthOjA6e31zOjM6Im5ldyI7YTowOnt9fX0=',1412932408),('279b8a83f64a982fc48e517735acfe9cacc23ff0','YTozOntzOjY6Il90b2tlbiI7czo0MDoiSjlUVmNwU0QzbUF1U0ZmQTFHYlRONjU1SmFkNTQxbW1YSmJTMzFTdyI7czo5OiJfc2YyX21ldGEiO2E6Mzp7czoxOiJ1IjtpOjE0MTMxODc5MzM7czoxOiJjIjtpOjE0MTMxODc5MzM7czoxOiJsIjtzOjE6IjAiO31zOjU6ImZsYXNoIjthOjI6e3M6Mzoib2xkIjthOjA6e31zOjM6Im5ldyI7YTowOnt9fX0=',1413187933),('299e90ec2fbacb1745f64d42fd444b3fcfb99cf4','YTozOntzOjY6Il90b2tlbiI7czo0MDoiZ2VSTnZ6cUJuTWkyMmNQMnZnT3VqVEhVanV4M3pnYnF0ZUdRM1BGTiI7czo5OiJfc2YyX21ldGEiO2E6Mzp7czoxOiJ1IjtpOjE0MTMyMTY3NzE7czoxOiJjIjtpOjE0MTMyMTY3NzE7czoxOiJsIjtzOjE6IjAiO31zOjU6ImZsYXNoIjthOjI6e3M6Mzoib2xkIjthOjA6e31zOjM6Im5ldyI7YTowOnt9fX0=',1413216772),('2b6b639798f18036a378ed1d6fdf94d058966e56','YTozOntzOjY6Il90b2tlbiI7czo0MDoiZ1JleGdhbHA2RE8zb3pHdEZYVlN6Z3ZyYXNaS0JZVGZqdXBCS1lsQSI7czo5OiJfc2YyX21ldGEiO2E6Mzp7czoxOiJ1IjtpOjE0MTMxODk2NDU7czoxOiJjIjtpOjE0MTMxODk2NDU7czoxOiJsIjtzOjE6IjAiO31zOjU6ImZsYXNoIjthOjI6e3M6Mzoib2xkIjthOjA6e31zOjM6Im5ldyI7YTowOnt9fX0=',1413189645),('2c67aa0562ba818169d0a210052a6a130a2005d1','YTozOntzOjY6Il90b2tlbiI7czo0MDoiRG9lNUxPZlgycUJCQTgwc3dQVklnRVZSd1pMMG9XQmNicDkwRG50WiI7czo5OiJfc2YyX21ldGEiO2E6Mzp7czoxOiJ1IjtpOjE0MTI5NDE1MDU7czoxOiJjIjtpOjE0MTI5NDE1MDU7czoxOiJsIjtzOjE6IjAiO31zOjU6ImZsYXNoIjthOjI6e3M6Mzoib2xkIjthOjA6e31zOjM6Im5ldyI7YTowOnt9fX0=',1412941505),('2d0c7f11241c9531378015dfe28066b97ded1572','YTozOntzOjY6Il90b2tlbiI7czo0MDoiOWU5N2RnT01sRUNWQjdZOE5EYmRFOVc4cElCTnZLOXZiVjNocmRLbyI7czo5OiJfc2YyX21ldGEiO2E6Mzp7czoxOiJ1IjtpOjE0MTI5Mzc0ODk7czoxOiJjIjtpOjE0MTI5Mzc0ODk7czoxOiJsIjtzOjE6IjAiO31zOjU6ImZsYXNoIjthOjI6e3M6Mzoib2xkIjthOjA6e31zOjM6Im5ldyI7YTowOnt9fX0=',1412937489),('2dd92dc34f7418805805ff2afd41b829ae079de2','YTozOntzOjY6Il90b2tlbiI7czo0MDoiaGJYdnBQRVlkWEpuMHZ3RHJNeEtQcWY2bkxkcjQyVWNQb1lpbzRwdCI7czo5OiJfc2YyX21ldGEiO2E6Mzp7czoxOiJ1IjtpOjE0MTI5MzUxOTY7czoxOiJjIjtpOjE0MTI5MzUxOTY7czoxOiJsIjtzOjE6IjAiO31zOjU6ImZsYXNoIjthOjI6e3M6Mzoib2xkIjthOjA6e31zOjM6Im5ldyI7YTowOnt9fX0=',1412935196),('2e6fdc59cdb1a7c09da8b937d37719d902d417cd','YTozOntzOjY6Il90b2tlbiI7czo0MDoiRlh2N0FNaDZnSjM2MkswbW9IcXowNFJVRmxoRWE3T0NGcWtKd3JYYiI7czo5OiJfc2YyX21ldGEiO2E6Mzp7czoxOiJ1IjtpOjE0MTMxOTUwNDY7czoxOiJjIjtpOjE0MTMxOTUwNDY7czoxOiJsIjtzOjE6IjAiO31zOjU6ImZsYXNoIjthOjI6e3M6Mzoib2xkIjthOjA6e31zOjM6Im5ldyI7YTowOnt9fX0=',1413195046),('2e8b72ae99244240dd55e77fcea49c16458f7abc','YTozOntzOjY6Il90b2tlbiI7czo0MDoiSEVTUG1adUd3dlg1M1BLaWR6eHpibmtWdnRJUDVFVmNFSkpROWhicCI7czo5OiJfc2YyX21ldGEiO2E6Mzp7czoxOiJ1IjtpOjE0MTI5NDA2MTA7czoxOiJjIjtpOjE0MTI5NDA2MTA7czoxOiJsIjtzOjE6IjAiO31zOjU6ImZsYXNoIjthOjI6e3M6Mzoib2xkIjthOjA6e31zOjM6Im5ldyI7YTowOnt9fX0=',1412940610),('31b7e0141cfa208907c36954523800ef93000863','YTozOntzOjY6Il90b2tlbiI7czo0MDoiTzNkZzNOQ1B2YTBqTGV4WmJ6dVNJeUNackRDdkh6WjNZZGY2N0RIdiI7czo5OiJfc2YyX21ldGEiO2E6Mzp7czoxOiJ1IjtpOjE0MTI5NDA5ODQ7czoxOiJjIjtpOjE0MTI5NDA5ODQ7czoxOiJsIjtzOjE6IjAiO31zOjU6ImZsYXNoIjthOjI6e3M6Mzoib2xkIjthOjA6e31zOjM6Im5ldyI7YTowOnt9fX0=',1412940985),('3286f5ace030168557b98e6eaf3c47437c5b909d','YTozOntzOjY6Il90b2tlbiI7czo0MDoiYlZwQzhGZ2JMZmJzd2lOZGxjYmRPN0RhQmFkOVVJNzVvckJ1ZXhyNCI7czo5OiJfc2YyX21ldGEiO2E6Mzp7czoxOiJ1IjtpOjE0MTI5NDYwMTk7czoxOiJjIjtpOjE0MTI5NDYwMTk7czoxOiJsIjtzOjE6IjAiO31zOjU6ImZsYXNoIjthOjI6e3M6Mzoib2xkIjthOjA6e31zOjM6Im5ldyI7YTowOnt9fX0=',1412946019),('32db51190761f20bd7b48d0853ccd7c6f3de53e3','YTozOntzOjY6Il90b2tlbiI7czo0MDoiWE5VRThQNnZzUXE5cnlSdHROM05FN0ZMb3pzVld6SGpmZ2tVMDU3aiI7czo5OiJfc2YyX21ldGEiO2E6Mzp7czoxOiJ1IjtpOjE0MTI5Mzc2MjM7czoxOiJjIjtpOjE0MTI5Mzc2MjM7czoxOiJsIjtzOjE6IjAiO31zOjU6ImZsYXNoIjthOjI6e3M6Mzoib2xkIjthOjA6e31zOjM6Im5ldyI7YTowOnt9fX0=',1412937624),('33b1f941dd57ca956af8fcaf8ba8c33e608233db','YTozOntzOjY6Il90b2tlbiI7czo0MDoiTGpNNTZEVTUyTkxqS3FtRzFWWTJHenoyYnk4d2dqaFE2NXZ4NnNYeCI7czo5OiJfc2YyX21ldGEiO2E6Mzp7czoxOiJ1IjtpOjE0MTI5NDA5Nzg7czoxOiJjIjtpOjE0MTI5NDA5Nzg7czoxOiJsIjtzOjE6IjAiO31zOjU6ImZsYXNoIjthOjI6e3M6Mzoib2xkIjthOjA6e31zOjM6Im5ldyI7YTowOnt9fX0=',1412940978),('343a13ca2e4c60f64c8c230d61aff331e9ea8ed0','YTozOntzOjY6Il90b2tlbiI7czo0MDoiTlRHd2FNbXdpYmxESGV3THgzRXpSVE9UYUNraFZqR0d4ZEhTVzlOTiI7czo5OiJfc2YyX21ldGEiO2E6Mzp7czoxOiJ1IjtpOjE0MTI4NjIxMzc7czoxOiJjIjtpOjE0MTI4NjIxMzc7czoxOiJsIjtzOjE6IjAiO31zOjU6ImZsYXNoIjthOjI6e3M6Mzoib2xkIjthOjA6e31zOjM6Im5ldyI7YTowOnt9fX0=',1412862137),('34a457253ebf52b89f11630fdba58d5c4322feec','YTozOntzOjY6Il90b2tlbiI7czo0MDoibFFQS2Q0dlJ6b21zaTA3T29SWkxONEJaOXRXc1BPSDh4ZkV3SnF1aSI7czo5OiJfc2YyX21ldGEiO2E6Mzp7czoxOiJ1IjtpOjE0MTMxODYyMzk7czoxOiJjIjtpOjE0MTMxODYyMzk7czoxOiJsIjtzOjE6IjAiO31zOjU6ImZsYXNoIjthOjI6e3M6Mzoib2xkIjthOjA6e31zOjM6Im5ldyI7YTowOnt9fX0=',1413186240),('391d802443dd5fd1ece45a686476f3380553c2de','YTozOntzOjY6Il90b2tlbiI7czo0MDoiQTlkQkhFamJ6NHQxWkNCYmZXN01QeFFDUDVrQ2R5UFBmSTllVnVYNyI7czo5OiJfc2YyX21ldGEiO2E6Mzp7czoxOiJ1IjtpOjE0MTI5NDU2NTE7czoxOiJjIjtpOjE0MTI5NDU2NTE7czoxOiJsIjtzOjE6IjAiO31zOjU6ImZsYXNoIjthOjI6e3M6Mzoib2xkIjthOjA6e31zOjM6Im5ldyI7YTowOnt9fX0=',1412945651),('3b96d22db63cdeb32d70f05422a1da291261efcf','YTozOntzOjY6Il90b2tlbiI7czo0MDoiYWc5QjVQQ0dBU0pjbGhUdVZ1cFBCZmFBbmlkbmEzQktlTXJYdlp3eSI7czo5OiJfc2YyX21ldGEiO2E6Mzp7czoxOiJ1IjtpOjE0MTI5MzIxMDQ7czoxOiJjIjtpOjE0MTI5MzIxMDQ7czoxOiJsIjtzOjE6IjAiO31zOjU6ImZsYXNoIjthOjI6e3M6Mzoib2xkIjthOjA6e31zOjM6Im5ldyI7YTowOnt9fX0=',1412932104),('3c88304f562e5afac26f6c90b7793d2d4e591651','YTo0OntzOjY6Il90b2tlbiI7czo0MDoib3J6cTNSRHBuQ043NGpjeUJXSU9weEE0b2RmNWRTcFhzdGZQZHBUNCI7czozOiJ1cmwiO2E6MTp7czo4OiJpbnRlbmRlZCI7czoyODoiaHR0cDovLzE5Mi4xNjguMzMuMTAvcHJvZmlsZSI7fXM6OToiX3NmMl9tZXRhIjthOjM6e3M6MToidSI7aToxNDEyOTQ2MDMzO3M6MToiYyI7aToxNDEyOTQ2MDMzO3M6MToibCI7czoxOiIwIjt9czo1OiJmbGFzaCI7YToyOntzOjM6Im9sZCI7YTowOnt9czozOiJuZXciO2E6MDp7fX19',1412946034),('3cef2d0875c99e4658ef5e5e401750a3dc55b35e','YTozOntzOjY6Il90b2tlbiI7czo0MDoiaExGdzVBY0dOQmRhN1ZCaVBnWmJ4NUs2dHV0TWFzT1dZbzVCVmZBViI7czo5OiJfc2YyX21ldGEiO2E6Mzp7czoxOiJ1IjtpOjE0MTI5MzE5NjY7czoxOiJjIjtpOjE0MTI5MzE5NjY7czoxOiJsIjtzOjE6IjAiO31zOjU6ImZsYXNoIjthOjI6e3M6Mzoib2xkIjthOjA6e31zOjM6Im5ldyI7YTowOnt9fX0=',1412931966),('3cf728e67ac345b5bac5a4f439c7e0d7ba6cc475','YTozOntzOjY6Il90b2tlbiI7czo0MDoiN3BwY2VmQllUY1lXelRxSXFVY1c5ZTc1Vk5tV0VyQ1JVblY0TkhMWCI7czo5OiJfc2YyX21ldGEiO2E6Mzp7czoxOiJ1IjtpOjE0MTI4NjQ5OTI7czoxOiJjIjtpOjE0MTI4NjQ5OTI7czoxOiJsIjtzOjE6IjAiO31zOjU6ImZsYXNoIjthOjI6e3M6Mzoib2xkIjthOjA6e31zOjM6Im5ldyI7YTowOnt9fX0=',1412864992),('3e5bbc2ab297512246edc47401c474016b7922d4','YTo0OntzOjY6Il90b2tlbiI7czo0MDoiSkhSQmpnVDVGZXBFdUg5QWc4U3JVSkFIbzgzZDdiZEZpWDMyS1A2cSI7czozODoibG9naW5fODJlNWQyYzU2YmRkMDgxMTMxOGYwY2YwNzhiNzhiZmMiO3M6MToiNSI7czo5OiJfc2YyX21ldGEiO2E6Mzp7czoxOiJ1IjtpOjE0MTI5NDYxMTM7czoxOiJjIjtpOjE0MTI5NDYxMTM7czoxOiJsIjtzOjE6IjAiO31zOjU6ImZsYXNoIjthOjI6e3M6Mzoib2xkIjthOjA6e31zOjM6Im5ldyI7YTowOnt9fX0=',1412946114),('3f4b29c64f8d04d39ddaf79d7965194a95fbe741','YTozOntzOjY6Il90b2tlbiI7czo0MDoiWFJXR2Mzblo2d2k4VjE5UElmcFVzN0FZcDRmM1RmTUE1VFY5alFzQSI7czo5OiJfc2YyX21ldGEiO2E6Mzp7czoxOiJ1IjtpOjE0MTI5MzI4NDg7czoxOiJjIjtpOjE0MTI5MzI4NDg7czoxOiJsIjtzOjE6IjAiO31zOjU6ImZsYXNoIjthOjI6e3M6Mzoib2xkIjthOjA6e31zOjM6Im5ldyI7YTowOnt9fX0=',1412932848),('3f8524edfd360f2e0dc65f7169b9924c358ff7e8','YTozOntzOjY6Il90b2tlbiI7czo0MDoiRlprVEVsUWQxZnloS0JaQzlKYVptUERWWjBONFV1YVRDUjFaMVE5RCI7czo5OiJfc2YyX21ldGEiO2E6Mzp7czoxOiJ1IjtpOjE0MTMyMDY4NDM7czoxOiJjIjtpOjE0MTMyMDY4NDM7czoxOiJsIjtzOjE6IjAiO31zOjU6ImZsYXNoIjthOjI6e3M6Mzoib2xkIjthOjA6e31zOjM6Im5ldyI7YTowOnt9fX0=',1413206844),('40de99cb37a4193753b6d07b6ba6951dd066121f','YTozOntzOjY6Il90b2tlbiI7czo0MDoicUJvS1dkZnhTZlVEdm1SUEZkSlpEdWJ4ZWNvZjc3VGR4Ylo1MHVtbSI7czo5OiJfc2YyX21ldGEiO2E6Mzp7czoxOiJ1IjtpOjE0MTMyMTI3MTI7czoxOiJjIjtpOjE0MTMyMTI3MTI7czoxOiJsIjtzOjE6IjAiO31zOjU6ImZsYXNoIjthOjI6e3M6Mzoib2xkIjthOjA6e31zOjM6Im5ldyI7YTowOnt9fX0=',1413212712),('425c5104086ecf97eded7ae3b7eb1d40e2c98142','YTozOntzOjY6Il90b2tlbiI7czo0MDoiaU5saUhJRDBVc09HMGJXSkhLMTA1ZWJTUzBLcGk1eXJPYlcwQ2RGYiI7czo5OiJfc2YyX21ldGEiO2E6Mzp7czoxOiJ1IjtpOjE0MTI5MzI5Mjk7czoxOiJjIjtpOjE0MTI5MzI5Mjk7czoxOiJsIjtzOjE6IjAiO31zOjU6ImZsYXNoIjthOjI6e3M6Mzoib2xkIjthOjA6e31zOjM6Im5ldyI7YTowOnt9fX0=',1412932930),('42724d3955527adc1da65588a95309e0d4924f36','YTozOntzOjY6Il90b2tlbiI7czo0MDoiNDVpb1NVWWlsRWV0N255ZG5UTGtEVFpDem85M29YM2ZIdzRkeFUxTSI7czo5OiJfc2YyX21ldGEiO2E6Mzp7czoxOiJ1IjtpOjE0MTMyMDA3ODA7czoxOiJjIjtpOjE0MTMyMDA3ODA7czoxOiJsIjtzOjE6IjAiO31zOjU6ImZsYXNoIjthOjI6e3M6Mzoib2xkIjthOjA6e31zOjM6Im5ldyI7YTowOnt9fX0=',1413200781),('43e6a8b6417ba822a44b39293315a86481f26f62','YTozOntzOjY6Il90b2tlbiI7czo0MDoiWlRZV2hPb1pPczNNY2owNGx6UWlYQ0EyWk5JVzlGeWxFbTVaWjN0eSI7czo5OiJfc2YyX21ldGEiO2E6Mzp7czoxOiJ1IjtpOjE0MTMxOTQ0MjE7czoxOiJjIjtpOjE0MTMxOTQ0MjE7czoxOiJsIjtzOjE6IjAiO31zOjU6ImZsYXNoIjthOjI6e3M6Mzoib2xkIjthOjA6e31zOjM6Im5ldyI7YTowOnt9fX0=',1413194421),('449d9623e975a1b2d34a425cfa701f056c76f250','YTozOntzOjY6Il90b2tlbiI7czo0MDoiUWNxcTdYa1FYd0p0TnlxVzN4VVVxQ2xiSTgzekRBcUh2cjAzOHh5diI7czo5OiJfc2YyX21ldGEiO2E6Mzp7czoxOiJ1IjtpOjE0MTMxODgwMjA7czoxOiJjIjtpOjE0MTMxODgwMjA7czoxOiJsIjtzOjE6IjAiO31zOjU6ImZsYXNoIjthOjI6e3M6Mzoib2xkIjthOjA6e31zOjM6Im5ldyI7YTowOnt9fX0=',1413188020),('464070b3c541fbefe0644eb3b760f98b9f734c3b','YTozOntzOjY6Il90b2tlbiI7czo0MDoiUXJ2c3BxUWxXTzVEVHg1VTZ6T3c3TThkOXdvWllaaTlqSjlWUU53SSI7czo5OiJfc2YyX21ldGEiO2E6Mzp7czoxOiJ1IjtpOjE0MTMxOTM3NjE7czoxOiJjIjtpOjE0MTMxOTM3NjE7czoxOiJsIjtzOjE6IjAiO31zOjU6ImZsYXNoIjthOjI6e3M6Mzoib2xkIjthOjA6e31zOjM6Im5ldyI7YTowOnt9fX0=',1413193761),('4720de1e412e1e39494bbb783c1893f516a8d63c','YTozOntzOjY6Il90b2tlbiI7czo0MDoiN1VMempQZGlpMTZ3TWl3NDVIemlLakx0Nnhwa2ptTnpuWUpzWVZGdSI7czo5OiJfc2YyX21ldGEiO2E6Mzp7czoxOiJ1IjtpOjE0MTI5MzIyNzk7czoxOiJjIjtpOjE0MTI5MzIyNzk7czoxOiJsIjtzOjE6IjAiO31zOjU6ImZsYXNoIjthOjI6e3M6Mzoib2xkIjthOjA6e31zOjM6Im5ldyI7YTowOnt9fX0=',1412932279),('49710149a723717d56513b8ea6ca8e05b9b11975','YTozOntzOjY6Il90b2tlbiI7czo0MDoiV1JHU1V3cUZKMEdwVWQxc01yRTZpbmx6U015WkxRRFd6YXRCaEU2cCI7czo5OiJfc2YyX21ldGEiO2E6Mzp7czoxOiJ1IjtpOjE0MTMxODc2MjE7czoxOiJjIjtpOjE0MTMxODc2MjE7czoxOiJsIjtzOjE6IjAiO31zOjU6ImZsYXNoIjthOjI6e3M6Mzoib2xkIjthOjA6e31zOjM6Im5ldyI7YTowOnt9fX0=',1413187622),('4b2c98baaddf3bf896456ed92193e94204d22649','YTozOntzOjY6Il90b2tlbiI7czo0MDoiRUZSRVJsRzFncmVBZ1U1U2dwSVBmNklRbWNuRG1UR2ZYdzA3OHVTWCI7czo5OiJfc2YyX21ldGEiO2E6Mzp7czoxOiJ1IjtpOjE0MTI5MzY4Mzc7czoxOiJjIjtpOjE0MTI5MzY4Mzc7czoxOiJsIjtzOjE6IjAiO31zOjU6ImZsYXNoIjthOjI6e3M6Mzoib2xkIjthOjA6e31zOjM6Im5ldyI7YTowOnt9fX0=',1412936837),('4bb9d11138b7256cfd6cde8e9d333206cd88cddf','YTozOntzOjY6Il90b2tlbiI7czo0MDoiNHVYNWVISVB2ZlBiMWJ1eFhZUDIyeEtzSWZBUFpNZDFWRFBtSmd0ZiI7czo5OiJfc2YyX21ldGEiO2E6Mzp7czoxOiJ1IjtpOjE0MTMxODY1NTE7czoxOiJjIjtpOjE0MTMxODY1NTE7czoxOiJsIjtzOjE6IjAiO31zOjU6ImZsYXNoIjthOjI6e3M6Mzoib2xkIjthOjA6e31zOjM6Im5ldyI7YTowOnt9fX0=',1413186552),('4c94d15c32f0df5e7fa77880c2ed0fe396cbd9ac','YTozOntzOjY6Il90b2tlbiI7czo0MDoiRjh1ekVqMHdzU1lIcXFNc052RmQxZEJGYUwzYVlSMFlwNjZwT3djQSI7czo5OiJfc2YyX21ldGEiO2E6Mzp7czoxOiJ1IjtpOjE0MTMxOTM2NTM7czoxOiJjIjtpOjE0MTMxOTM2NTM7czoxOiJsIjtzOjE6IjAiO31zOjU6ImZsYXNoIjthOjI6e3M6Mzoib2xkIjthOjA6e31zOjM6Im5ldyI7YTowOnt9fX0=',1413193653),('4cb07044923aab35ef1de09e51e0668b2f8e0c06','YTozOntzOjY6Il90b2tlbiI7czo0MDoiZnVHZWU1VnJuNGJuN09jbXdzVHQ3UG1vTG1xb2U0QjY3TFQ0d0ZUZiI7czo5OiJfc2YyX21ldGEiO2E6Mzp7czoxOiJ1IjtpOjE0MTMxOTM1Mjk7czoxOiJjIjtpOjE0MTMxOTM1Mjk7czoxOiJsIjtzOjE6IjAiO31zOjU6ImZsYXNoIjthOjI6e3M6Mzoib2xkIjthOjA6e31zOjM6Im5ldyI7YTowOnt9fX0=',1413193529),('4d04cfd777d3c2689694f7c4d23113002e940c23','YTozOntzOjY6Il90b2tlbiI7czo0MDoid1NFVzFma1JabGo4U0YwblVHZXZxYmtMWDNLM2lkTWdRYXgycVZ5aiI7czo5OiJfc2YyX21ldGEiO2E6Mzp7czoxOiJ1IjtpOjE0MTI5NTA5NTQ7czoxOiJjIjtpOjE0MTI5NTA5NTQ7czoxOiJsIjtzOjE6IjAiO31zOjU6ImZsYXNoIjthOjI6e3M6Mzoib2xkIjthOjA6e31zOjM6Im5ldyI7YTowOnt9fX0=',1412950954),('4e81870ba8f6e467e2de05acea9a3cce3cfbec26','YTozOntzOjY6Il90b2tlbiI7czo0MDoiOWU5YW1PWlFYeVNxU3FtQU94UFM4QUhKYkZIZ1l5WGw4SjY0ZDYyaSI7czo5OiJfc2YyX21ldGEiO2E6Mzp7czoxOiJ1IjtpOjE0MTI5MzMzMjE7czoxOiJjIjtpOjE0MTI5MzMzMjE7czoxOiJsIjtzOjE6IjAiO31zOjU6ImZsYXNoIjthOjI6e3M6Mzoib2xkIjthOjA6e31zOjM6Im5ldyI7YTowOnt9fX0=',1412933322),('4fb04820e55c213019d6f86c77af9ee10aaade3b','YTozOntzOjY6Il90b2tlbiI7czo0MDoiU1llOEE4OVJJOWpiTTYwbU5WY0hUdUpVVUozc1J5Y3JkTk9wWTFobSI7czo5OiJfc2YyX21ldGEiO2E6Mzp7czoxOiJ1IjtpOjE0MTMxOTA1NDM7czoxOiJjIjtpOjE0MTMxOTA1NDM7czoxOiJsIjtzOjE6IjAiO31zOjU6ImZsYXNoIjthOjI6e3M6Mzoib2xkIjthOjA6e31zOjM6Im5ldyI7YTowOnt9fX0=',1413190543),('4fcd971306294613c36654af0156414b61fe38ac','YTozOntzOjY6Il90b2tlbiI7czo0MDoiRkpkdkNmQnNVbEtub1J4RUZIUlFyTno3eVFXTkkwUmVTTFIxdGZ4TiI7czo5OiJfc2YyX21ldGEiO2E6Mzp7czoxOiJ1IjtpOjE0MTI5MzUxNTM7czoxOiJjIjtpOjE0MTI5MzUxNTM7czoxOiJsIjtzOjE6IjAiO31zOjU6ImZsYXNoIjthOjI6e3M6Mzoib2xkIjthOjA6e31zOjM6Im5ldyI7YTowOnt9fX0=',1412935153),('50be0fbca2bbe765ceb00a886c0d2e23349a1645','YTozOntzOjY6Il90b2tlbiI7czo0MDoiVklCQlAzV1IwY1E0dlRYTk9jdHBmUXdENm1nemVFaEdEUE02VXNaYSI7czo5OiJfc2YyX21ldGEiO2E6Mzp7czoxOiJ1IjtpOjE0MTMyMTY4Mjg7czoxOiJjIjtpOjE0MTMyMTY4Mjg7czoxOiJsIjtzOjE6IjAiO31zOjU6ImZsYXNoIjthOjI6e3M6Mzoib2xkIjthOjA6e31zOjM6Im5ldyI7YTowOnt9fX0=',1413216828),('50c3c62c868be67063e2e4e2de584865306429b1','YTozOntzOjY6Il90b2tlbiI7czo0MDoiWVpkYmE3ZEdmelpJd21CWlhDa05Xa3RMV1lqSFlVNUxsUTRveUpVOCI7czo5OiJfc2YyX21ldGEiO2E6Mzp7czoxOiJ1IjtpOjE0MTI5NDU2NzY7czoxOiJjIjtpOjE0MTI5NDU2NzY7czoxOiJsIjtzOjE6IjAiO31zOjU6ImZsYXNoIjthOjI6e3M6Mzoib2xkIjthOjA6e31zOjM6Im5ldyI7YTowOnt9fX0=',1412945676),('50e5c8ab7184e7121b96977b1b49bf25fe9fb638','YTozOntzOjY6Il90b2tlbiI7czo0MDoiTlRJVkxmOUNObXp4QzluVktlNVNRcHlQWTBEeTdUM0k0VGxoU2FqSyI7czo5OiJfc2YyX21ldGEiO2E6Mzp7czoxOiJ1IjtpOjE0MTMxOTcxMDA7czoxOiJjIjtpOjE0MTMxOTcxMDA7czoxOiJsIjtzOjE6IjAiO31zOjU6ImZsYXNoIjthOjI6e3M6Mzoib2xkIjthOjA6e31zOjM6Im5ldyI7YTowOnt9fX0=',1413197101),('511c39d8bc54deb8480e6d2960653b84a159892c','YTozOntzOjY6Il90b2tlbiI7czo0MDoiQktEekI1YXFOaGFwQmh5UUE3V1c5U1NhbzJCMWkzMXo3cko3ZmZNbCI7czo5OiJfc2YyX21ldGEiO2E6Mzp7czoxOiJ1IjtpOjE0MTI5MzMzMzQ7czoxOiJjIjtpOjE0MTI5MzMzMzQ7czoxOiJsIjtzOjE6IjAiO31zOjU6ImZsYXNoIjthOjI6e3M6Mzoib2xkIjthOjA6e31zOjM6Im5ldyI7YTowOnt9fX0=',1412933335),('5293b31aa0cb6ab5523db4512c1d6b4b4f31507a','YTozOntzOjY6Il90b2tlbiI7czo0MDoiQTFSU0hHYzh2VFFzMHp1bGJvUTFFVlI5M01zNDRMWGVsaUk1MXlZeCI7czo5OiJfc2YyX21ldGEiO2E6Mzp7czoxOiJ1IjtpOjE0MTMyMDcwNzI7czoxOiJjIjtpOjE0MTMyMDcwNzI7czoxOiJsIjtzOjE6IjAiO31zOjU6ImZsYXNoIjthOjI6e3M6Mzoib2xkIjthOjA6e31zOjM6Im5ldyI7YTowOnt9fX0=',1413207072),('53a25e9eef82a4ebaa285581060b6274205cfc63','YTozOntzOjY6Il90b2tlbiI7czo0MDoiRjJPdXhBUUxhUk9UUVJiVmw2TVF0cGhPOTVSTzU1aDVSUWM2R1BDNCI7czo5OiJfc2YyX21ldGEiO2E6Mzp7czoxOiJ1IjtpOjE0MTMxODkzMDc7czoxOiJjIjtpOjE0MTMxODkzMDc7czoxOiJsIjtzOjE6IjAiO31zOjU6ImZsYXNoIjthOjI6e3M6Mzoib2xkIjthOjA6e31zOjM6Im5ldyI7YTowOnt9fX0=',1413189307),('53edbe2b9874a3d91ad8162bfe07d2135c15b638','YTozOntzOjY6Il90b2tlbiI7czo0MDoiZjRlQzUwSjJVVEJSTXI2MzMxeHN0RHc5dHNEQm02RFVkMklmbVpxSiI7czo5OiJfc2YyX21ldGEiO2E6Mzp7czoxOiJ1IjtpOjE0MTMxOTQ0OTI7czoxOiJjIjtpOjE0MTMxOTQ0OTI7czoxOiJsIjtzOjE6IjAiO31zOjU6ImZsYXNoIjthOjI6e3M6Mzoib2xkIjthOjA6e31zOjM6Im5ldyI7YTowOnt9fX0=',1413194492),('53fa24a08b44b6461a7330fff2a8b76856b9a04c','YTozOntzOjY6Il90b2tlbiI7czo0MDoiTW0yUjE4U1RNTGg1cjlqY2JsdDRJeFhyV0tZRHRmWVh1NHlXd1ZDVCI7czo5OiJfc2YyX21ldGEiO2E6Mzp7czoxOiJ1IjtpOjE0MTI5MzMxMDI7czoxOiJjIjtpOjE0MTI5MzMxMDI7czoxOiJsIjtzOjE6IjAiO31zOjU6ImZsYXNoIjthOjI6e3M6Mzoib2xkIjthOjA6e31zOjM6Im5ldyI7YTowOnt9fX0=',1412933103),('54b19c8f10023fc0f03ba427b602e79a98c1860f','YTozOntzOjY6Il90b2tlbiI7czo0MDoiVDJpU0dsSEJyRkpQR3ZHMndvTmJsNUc1SUZVTnA3MGQ4dWVITmVoSiI7czo5OiJfc2YyX21ldGEiO2E6Mzp7czoxOiJ1IjtpOjE0MTMxOTUwMTA7czoxOiJjIjtpOjE0MTMxOTUwMTA7czoxOiJsIjtzOjE6IjAiO31zOjU6ImZsYXNoIjthOjI6e3M6Mzoib2xkIjthOjA6e31zOjM6Im5ldyI7YTowOnt9fX0=',1413195011),('55848e8f40df3002d03b109fb94eda3db4ddab65','YTozOntzOjY6Il90b2tlbiI7czo0MDoiQ0tyb1g2ZFZvcldVa3Z1S2VzZnI4MDVwWHpvNGdXck5TNE9JTXVxNCI7czo5OiJfc2YyX21ldGEiO2E6Mzp7czoxOiJ1IjtpOjE0MTI5MzU1ODE7czoxOiJjIjtpOjE0MTI5MzU1ODE7czoxOiJsIjtzOjE6IjAiO31zOjU6ImZsYXNoIjthOjI6e3M6Mzoib2xkIjthOjA6e31zOjM6Im5ldyI7YTowOnt9fX0=',1412935582),('5718b345a0eb65defae371abe6af7d04f8916d49','YTozOntzOjY6Il90b2tlbiI7czo0MDoiNk52UXg5WU9QaXBqWk1hMWJuUDhqTFFUYWxjMG9JZWlRWVNsQlVRMSI7czo5OiJfc2YyX21ldGEiO2E6Mzp7czoxOiJ1IjtpOjE0MTI4NjIwNjc7czoxOiJjIjtpOjE0MTI4NjIwNjc7czoxOiJsIjtzOjE6IjAiO31zOjU6ImZsYXNoIjthOjI6e3M6Mzoib2xkIjthOjA6e31zOjM6Im5ldyI7YTowOnt9fX0=',1412862067),('588177302d3ab9d03794760a62fc1ab661650ebe','YTozOntzOjY6Il90b2tlbiI7czo0MDoibjZDOXk4aTVHZFNsbnVCQmdoY3Blc3dBanRkQmFKOFFYNlp4ejJOdSI7czo5OiJfc2YyX21ldGEiO2E6Mzp7czoxOiJ1IjtpOjE0MTI5NDE1MDM7czoxOiJjIjtpOjE0MTI5NDE1MDM7czoxOiJsIjtzOjE6IjAiO31zOjU6ImZsYXNoIjthOjI6e3M6Mzoib2xkIjthOjA6e31zOjM6Im5ldyI7YTowOnt9fX0=',1412941503),('59674bd981157af3e5c22135140cc3317d93f992','YTozOntzOjY6Il90b2tlbiI7czo0MDoid1RsNWxsdjJLR0N5Tkp5SU1SdUdGYUpCZ2RWRUhSMWRMUFh0V0RWZSI7czo5OiJfc2YyX21ldGEiO2E6Mzp7czoxOiJ1IjtpOjE0MTI5MzIxMzc7czoxOiJjIjtpOjE0MTI5MzIxMzc7czoxOiJsIjtzOjE6IjAiO31zOjU6ImZsYXNoIjthOjI6e3M6Mzoib2xkIjthOjA6e31zOjM6Im5ldyI7YTowOnt9fX0=',1412932137),('59a00b8d73ae956848d33dacf6b03259411e40e7','YTozOntzOjY6Il90b2tlbiI7czo0MDoiRTNkaHJQUWNWTlI0dXhBY2x5N2tVOFN5S1BmaGpBSlZDVlRVS2lNZyI7czo5OiJfc2YyX21ldGEiO2E6Mzp7czoxOiJ1IjtpOjE0MTI5MzI4OTg7czoxOiJjIjtpOjE0MTI5MzI4OTg7czoxOiJsIjtzOjE6IjAiO31zOjU6ImZsYXNoIjthOjI6e3M6Mzoib2xkIjthOjA6e31zOjM6Im5ldyI7YTowOnt9fX0=',1412932899),('59b678f1294833ba557b9873fcc402c35d86a8a8','YTo0OntzOjY6Il90b2tlbiI7czo0MDoieTBvSXJ3N1lITllYZFplYnIyUVpidnczTk5wcHliNHFJMTIxUlhkdiI7czozOiJ1cmwiO2E6MTp7czo4OiJpbnRlbmRlZCI7czoyODoiaHR0cDovLzE5Mi4xNjguMzMuMTAvcHJvZmlsZSI7fXM6OToiX3NmMl9tZXRhIjthOjM6e3M6MToidSI7aToxNDEyOTQ1NjY1O3M6MToiYyI7aToxNDEyOTQ1NjY1O3M6MToibCI7czoxOiIwIjt9czo1OiJmbGFzaCI7YToyOntzOjM6Im9sZCI7YTowOnt9czozOiJuZXciO2E6MDp7fX19',1412945665),('59c1ad4430663ef544607ebf22495c8056e812e1','YTozOntzOjY6Il90b2tlbiI7czo0MDoiQkdzMzYwd3Z1SzFHcTJiYVFlSVVvOFdHcWhGY3VYS1NraXhqbmdsRCI7czo5OiJfc2YyX21ldGEiO2E6Mzp7czoxOiJ1IjtpOjE0MTMxOTQ3NjE7czoxOiJjIjtpOjE0MTMxOTQ3NjE7czoxOiJsIjtzOjE6IjAiO31zOjU6ImZsYXNoIjthOjI6e3M6Mzoib2xkIjthOjA6e31zOjM6Im5ldyI7YTowOnt9fX0=',1413194761),('5c4c2b0435a49ba98c25090947d12996436b6743','YTozOntzOjY6Il90b2tlbiI7czo0MDoidHFwamthYWFxRVMzdXZDb2J5b0ZwMU03djhMaVlOSHRlUjY4MFJtNCI7czo5OiJfc2YyX21ldGEiO2E6Mzp7czoxOiJ1IjtpOjE0MTI5MzIzODc7czoxOiJjIjtpOjE0MTI5MzIzODc7czoxOiJsIjtzOjE6IjAiO31zOjU6ImZsYXNoIjthOjI6e3M6Mzoib2xkIjthOjA6e31zOjM6Im5ldyI7YTowOnt9fX0=',1412932387),('5c9b6b537ca7faff451f576b9d15fcbdedaf187e','YTozOntzOjY6Il90b2tlbiI7czo0MDoiTzlGb3ZtaHA2VGlCQm94ZDRqVjRsRGZqeFdSeVF5WDFxVG9sUXgySCI7czo5OiJfc2YyX21ldGEiO2E6Mzp7czoxOiJ1IjtpOjE0MTI5NDYwMzQ7czoxOiJjIjtpOjE0MTI5NDYwMzQ7czoxOiJsIjtzOjE6IjAiO31zOjU6ImZsYXNoIjthOjI6e3M6Mzoib2xkIjthOjA6e31zOjM6Im5ldyI7YTowOnt9fX0=',1412946034),('5cbbf2c05311a42c131595c02dda2f255aef6453','YTozOntzOjY6Il90b2tlbiI7czo0MDoiclU0NkpPMHc1VXBnQXdvOUFVR1hRVkZXSnVidzd5VTU1NEcyTnRrNCI7czo5OiJfc2YyX21ldGEiO2E6Mzp7czoxOiJ1IjtpOjE0MTI5MzUxNDQ7czoxOiJjIjtpOjE0MTI5MzUxNDQ7czoxOiJsIjtzOjE6IjAiO31zOjU6ImZsYXNoIjthOjI6e3M6Mzoib2xkIjthOjA6e31zOjM6Im5ldyI7YTowOnt9fX0=',1412935144),('5f5e910812637717d1b9be502944e601a7b6f48d','YTozOntzOjY6Il90b2tlbiI7czo0MDoidEtZVUc0ZjBVbmZSMkxWMGs2MWxwYXU5ZnpVcUJ4eHpBb2RBcnllQSI7czo5OiJfc2YyX21ldGEiO2E6Mzp7czoxOiJ1IjtpOjE0MTI4NjIwMTE7czoxOiJjIjtpOjE0MTI4NjIwMTE7czoxOiJsIjtzOjE6IjAiO31zOjU6ImZsYXNoIjthOjI6e3M6Mzoib2xkIjthOjA6e31zOjM6Im5ldyI7YTowOnt9fX0=',1412862011),('5fefba86a8b105ca62e29a1fa660662a6c62f875','YTozOntzOjY6Il90b2tlbiI7czo0MDoiMmx5Tm9CaWRqNWxXQ2tqMFh1cG9hQkR5a0xjdFd1ZmlCUUFOa1U3RyI7czo5OiJfc2YyX21ldGEiO2E6Mzp7czoxOiJ1IjtpOjE0MTI5MzI4Njc7czoxOiJjIjtpOjE0MTI5MzI4Njc7czoxOiJsIjtzOjE6IjAiO31zOjU6ImZsYXNoIjthOjI6e3M6Mzoib2xkIjthOjA6e31zOjM6Im5ldyI7YTowOnt9fX0=',1412932867),('5fff7c23c807ce2bae9df9d3b3b4f091e3e5c27e','YTozOntzOjY6Il90b2tlbiI7czo0MDoiRW9PVDlWa1FaVlNOT2Job3pqeVBiRUNqWTE5bEIzYW1FRDEyRFZJQSI7czo5OiJfc2YyX21ldGEiO2E6Mzp7czoxOiJ1IjtpOjE0MTMyMDY5OTM7czoxOiJjIjtpOjE0MTMyMDY5OTM7czoxOiJsIjtzOjE6IjAiO31zOjU6ImZsYXNoIjthOjI6e3M6Mzoib2xkIjthOjA6e31zOjM6Im5ldyI7YTowOnt9fX0=',1413206994),('6146baa67ac1ef35ba5fa61c78970afb155c1997','YTozOntzOjY6Il90b2tlbiI7czo0MDoiejNoTjRKc1EwSmJFbGZFTlJqaWdBYVhYQ3R4bTFrV1h1Q0V4NWtzdCI7czo5OiJfc2YyX21ldGEiO2E6Mzp7czoxOiJ1IjtpOjE0MTI5MzcwNDY7czoxOiJjIjtpOjE0MTI5MzcwNDY7czoxOiJsIjtzOjE6IjAiO31zOjU6ImZsYXNoIjthOjI6e3M6Mzoib2xkIjthOjA6e31zOjM6Im5ldyI7YTowOnt9fX0=',1412937046),('61b353ae1d77ace9aa9e07d1751e9dde0cef309d','YTozOntzOjY6Il90b2tlbiI7czo0MDoiVUdMckhQQmFEZDdLcjVTdXpqM29nbE5RYXowWmRqdDFic2Z0Y2VqRCI7czo5OiJfc2YyX21ldGEiO2E6Mzp7czoxOiJ1IjtpOjE0MTI5MzkxNTM7czoxOiJjIjtpOjE0MTI5MzkxNTM7czoxOiJsIjtzOjE6IjAiO31zOjU6ImZsYXNoIjthOjI6e3M6Mzoib2xkIjthOjA6e31zOjM6Im5ldyI7YTowOnt9fX0=',1412939153),('61fed692d68303c741ffa8a92fd59e12a0feaf8b','YTozOntzOjY6Il90b2tlbiI7czo0MDoiQ0hWWGV5eklsYnQxQ0g2RVRodE1XNFVBeEtUa1Vhc0JETFFHTmNFOSI7czo5OiJfc2YyX21ldGEiO2E6Mzp7czoxOiJ1IjtpOjE0MTI5MzI2MTA7czoxOiJjIjtpOjE0MTI5MzI2MTA7czoxOiJsIjtzOjE6IjAiO31zOjU6ImZsYXNoIjthOjI6e3M6Mzoib2xkIjthOjA6e31zOjM6Im5ldyI7YTowOnt9fX0=',1412932611),('6265d040a9edb9009828f9391c23eecf3086debc','YTozOntzOjY6Il90b2tlbiI7czo0MDoiOFpNS3oxNGtRN29TY0d3RW0zSFBxUWpFcGc4SjFjVFQ3UE9Wb0hZcCI7czo5OiJfc2YyX21ldGEiO2E6Mzp7czoxOiJ1IjtpOjE0MTMxODc5Mzg7czoxOiJjIjtpOjE0MTMxODc5Mzg7czoxOiJsIjtzOjE6IjAiO31zOjU6ImZsYXNoIjthOjI6e3M6Mzoib2xkIjthOjA6e31zOjM6Im5ldyI7YTowOnt9fX0=',1413187938),('63f489771f5f83f94277b1c50802f15bd15601d2','YTozOntzOjY6Il90b2tlbiI7czo0MDoidVpzUmNSdGdkWWJWOWdVaER4c1lUNzBGRGFkbVNBSzFNZmpSYTJuciI7czo5OiJfc2YyX21ldGEiO2E6Mzp7czoxOiJ1IjtpOjE0MTMxODg1MDM7czoxOiJjIjtpOjE0MTMxODg1MDM7czoxOiJsIjtzOjE6IjAiO31zOjU6ImZsYXNoIjthOjI6e3M6Mzoib2xkIjthOjA6e31zOjM6Im5ldyI7YTowOnt9fX0=',1413188503),('65445a234ba219f9707ecbbe082f46bc403c999f','YTozOntzOjY6Il90b2tlbiI7czo0MDoiSlFKbFVOS1hUcXR5V0dLeUpNUm55VE14YXE2MnFvUzRYajFYOHJoOCI7czo5OiJfc2YyX21ldGEiO2E6Mzp7czoxOiJ1IjtpOjE0MTI5MzUxMzA7czoxOiJjIjtpOjE0MTI5MzUxMzA7czoxOiJsIjtzOjE6IjAiO31zOjU6ImZsYXNoIjthOjI6e3M6Mzoib2xkIjthOjA6e31zOjM6Im5ldyI7YTowOnt9fX0=',1412935131),('654b21cab056cf6a5c589bd886a86c0e9e83d473','YTozOntzOjY6Il90b2tlbiI7czo0MDoidWF1VkxwYWRiTjc5dzZhbXBnUVpZV2w3aHpvODhRZ1JRN1RzMTdCMSI7czo5OiJfc2YyX21ldGEiO2E6Mzp7czoxOiJ1IjtpOjE0MTI5MzI3NTg7czoxOiJjIjtpOjE0MTI5MzI3NTg7czoxOiJsIjtzOjE6IjAiO31zOjU6ImZsYXNoIjthOjI6e3M6Mzoib2xkIjthOjA6e31zOjM6Im5ldyI7YTowOnt9fX0=',1412932758),('66b8212124ee3882dc39116f92ccf2de60ad7ad2','YTozOntzOjY6Il90b2tlbiI7czo0MDoieHhPa2pDVTYzZTBvMjdMYVhBNUxoRHZhVXJndzVLVUp3eDV0YXBqYiI7czo5OiJfc2YyX21ldGEiO2E6Mzp7czoxOiJ1IjtpOjE0MTI5NDU5MjU7czoxOiJjIjtpOjE0MTI5NDU5MjU7czoxOiJsIjtzOjE6IjAiO31zOjU6ImZsYXNoIjthOjI6e3M6Mzoib2xkIjthOjA6e31zOjM6Im5ldyI7YTowOnt9fX0=',1412945925),('6770cd6d7cf1f83e3ce8f23b5825d8cfa3c1299a','YTozOntzOjY6Il90b2tlbiI7czo0MDoieFNBM2p5UWhxZDVQVHBVcGRmZjdMblRkWlpWcHJFZk9ZS0EzWG5ZYiI7czo5OiJfc2YyX21ldGEiO2E6Mzp7czoxOiJ1IjtpOjE0MTI5NDA5NzQ7czoxOiJjIjtpOjE0MTI5NDA5NzQ7czoxOiJsIjtzOjE6IjAiO31zOjU6ImZsYXNoIjthOjI6e3M6Mzoib2xkIjthOjA6e31zOjM6Im5ldyI7YTowOnt9fX0=',1412940974),('67a7884586a72da0c43aba894d0563b8104c7041','YTozOntzOjY6Il90b2tlbiI7czo0MDoiMDJvNFUycW1HeWVxeHhVWmM1ZHZMdmpVN2tTa1dlUlBVT0VMOGpCdyI7czo5OiJfc2YyX21ldGEiO2E6Mzp7czoxOiJ1IjtpOjE0MTI5NDA0NTQ7czoxOiJjIjtpOjE0MTI5NDA0NTQ7czoxOiJsIjtzOjE6IjAiO31zOjU6ImZsYXNoIjthOjI6e3M6Mzoib2xkIjthOjA6e31zOjM6Im5ldyI7YTowOnt9fX0=',1412940454),('67adda4a6ab4f01a6770eb5d6f1ee475c94cb2bb','YTozOntzOjY6Il90b2tlbiI7czo0MDoibGpGSVJUUHVuWXFVazVCSnQ2dTdMN0VSbm4ybVJQMUpQNHlENmlYbCI7czo5OiJfc2YyX21ldGEiO2E6Mzp7czoxOiJ1IjtpOjE0MTMxOTM2NzY7czoxOiJjIjtpOjE0MTMxOTM2NzY7czoxOiJsIjtzOjE6IjAiO31zOjU6ImZsYXNoIjthOjI6e3M6Mzoib2xkIjthOjA6e31zOjM6Im5ldyI7YTowOnt9fX0=',1413193676),('6a031ef989349614079dbd79888dcbc9fed52680','YTozOntzOjY6Il90b2tlbiI7czo0MDoiNjhCSUk5QkhDVEJ5VFd4WXR3VWs0SmdSVTVZc2l0NnhvRXQ0cHB4ZSI7czo5OiJfc2YyX21ldGEiO2E6Mzp7czoxOiJ1IjtpOjE0MTI5NDU3MDc7czoxOiJjIjtpOjE0MTI5NDU3MDc7czoxOiJsIjtzOjE6IjAiO31zOjU6ImZsYXNoIjthOjI6e3M6Mzoib2xkIjthOjA6e31zOjM6Im5ldyI7YTowOnt9fX0=',1412945707),('6ab9636967406902e1e6230f3e029a07c1d59170','YTozOntzOjY6Il90b2tlbiI7czo0MDoiQnVXQjhMSU51TEVyV2RVMDBhcmpqdHNuVnpaa0p6eXN4OGw3U1BLNyI7czo5OiJfc2YyX21ldGEiO2E6Mzp7czoxOiJ1IjtpOjE0MTI5MzQyODc7czoxOiJjIjtpOjE0MTI5MzQyODc7czoxOiJsIjtzOjE6IjAiO31zOjU6ImZsYXNoIjthOjI6e3M6Mzoib2xkIjthOjA6e31zOjM6Im5ldyI7YTowOnt9fX0=',1412934287),('6bcb837a277d0b0cfd9a21918b61ce0a300edf6b','YTozOntzOjY6Il90b2tlbiI7czo0MDoiVGFuSTR0QWdHYzFzNnQ5ZmJ5c0FKNlBuY1F4MzhqVE5Kckh5RU5pSSI7czo5OiJfc2YyX21ldGEiO2E6Mzp7czoxOiJ1IjtpOjE0MTI5NTU2NTY7czoxOiJjIjtpOjE0MTI5NTU2NTY7czoxOiJsIjtzOjE6IjAiO31zOjU6ImZsYXNoIjthOjI6e3M6Mzoib2xkIjthOjA6e31zOjM6Im5ldyI7YTowOnt9fX0=',1412955656),('6c34983fce3e0d7c38011787be233317776cc66f','YTozOntzOjY6Il90b2tlbiI7czo0MDoiSldEbWh0aDVvTVZRMWVJdUVIV3ZhQjRpN0g2c0VadlBWSFRXZWFBZyI7czo5OiJfc2YyX21ldGEiO2E6Mzp7czoxOiJ1IjtpOjE0MTI5MzE2MjA7czoxOiJjIjtpOjE0MTI5MzE2MjA7czoxOiJsIjtzOjE6IjAiO31zOjU6ImZsYXNoIjthOjI6e3M6Mzoib2xkIjthOjA6e31zOjM6Im5ldyI7YTowOnt9fX0=',1412931620),('6cacf5d5d29f28075e23dea0ef228ce73a5e99f1','YTozOntzOjY6Il90b2tlbiI7czo0MDoiQUxJUkVSaHRUbHlTUUdVRElZRUg1UzFBVEE5UDFacmxCU2lDRWRXRSI7czo5OiJfc2YyX21ldGEiO2E6Mzp7czoxOiJ1IjtpOjE0MTMxODkwNzA7czoxOiJjIjtpOjE0MTMxODkwNzA7czoxOiJsIjtzOjE6IjAiO31zOjU6ImZsYXNoIjthOjI6e3M6Mzoib2xkIjthOjA6e31zOjM6Im5ldyI7YTowOnt9fX0=',1413189070),('6de1d165dcf931f0de114692414cbb8cef41c791','YTo0OntzOjY6Il90b2tlbiI7czo0MDoiMEhLV2k4bXN3b0VNdEtMWEV4VHE2bVpiSGE1dFNFNFJUdGdYek9qcSI7czozODoibG9naW5fODJlNWQyYzU2YmRkMDgxMTMxOGYwY2YwNzhiNzhiZmMiO047czo5OiJfc2YyX21ldGEiO2E6Mzp7czoxOiJ1IjtpOjE0MTI5NDYwMTg7czoxOiJjIjtpOjE0MTI5NDYwMTg7czoxOiJsIjtzOjE6IjAiO31zOjU6ImZsYXNoIjthOjI6e3M6Mzoib2xkIjthOjA6e31zOjM6Im5ldyI7YTowOnt9fX0=',1412946018),('6e7bab2c66d0235d25918191857708aab4ffb64e','YTozOntzOjY6Il90b2tlbiI7czo0MDoiUU5ySGlmQTlSQWRYdVlGWVBwR3R2dWR2ZDRNSEg1VmVoV09PbFZlSiI7czo5OiJfc2YyX21ldGEiO2E6Mzp7czoxOiJ1IjtpOjE0MTI5MzE3MDA7czoxOiJjIjtpOjE0MTI5MzE3MDA7czoxOiJsIjtzOjE6IjAiO31zOjU6ImZsYXNoIjthOjI6e3M6Mzoib2xkIjthOjA6e31zOjM6Im5ldyI7YTowOnt9fX0=',1412931700),('7463a25502048213118b19c17304a305604b4921','YTozOntzOjY6Il90b2tlbiI7czo0MDoiQXVteWxLcDFlRGlJdGxneWJXQWVTSzlZTWxhMzZNUnU2aDJ0RHJQZCI7czo5OiJfc2YyX21ldGEiO2E6Mzp7czoxOiJ1IjtpOjE0MTI5Mzc0MTY7czoxOiJjIjtpOjE0MTI5Mzc0MTY7czoxOiJsIjtzOjE6IjAiO31zOjU6ImZsYXNoIjthOjI6e3M6Mzoib2xkIjthOjA6e31zOjM6Im5ldyI7YTowOnt9fX0=',1412937416),('7637af74be91ca5146c61c5f6b16c65772c7b1bb','YTo0OntzOjY6Il90b2tlbiI7czo0MDoia2dMa2xrU1d2SHVEOFYwYTQ1VmtDSG1pdmZhQzZ4OGh6Tm15MmdNTSI7czozOiJ1cmwiO2E6MTp7czo4OiJpbnRlbmRlZCI7czoyODoiaHR0cDovLzE5Mi4xNjguMzMuMTAvcHJvZmlsZSI7fXM6OToiX3NmMl9tZXRhIjthOjM6e3M6MToidSI7aToxNDEyOTQ1OTI1O3M6MToiYyI7aToxNDEyOTQ1OTI1O3M6MToibCI7czoxOiIwIjt9czo1OiJmbGFzaCI7YToyOntzOjM6Im9sZCI7YTowOnt9czozOiJuZXciO2E6MDp7fX19',1412945925),('769fec04b26fe4fbfee59e799af1f3699418d575','YTozOntzOjY6Il90b2tlbiI7czo0MDoiWEhXaDBBVm5vZVZkbjhSdm5Ob0lVeEwxeUJ5YzNjWlhDQUdBTkFRSiI7czo5OiJfc2YyX21ldGEiO2E6Mzp7czoxOiJ1IjtpOjE0MTI4NjIwNzY7czoxOiJjIjtpOjE0MTI4NjIwNzY7czoxOiJsIjtzOjE6IjAiO31zOjU6ImZsYXNoIjthOjI6e3M6Mzoib2xkIjthOjA6e31zOjM6Im5ldyI7YTowOnt9fX0=',1412862076),('77ecef053943f85c8e5a1b15d7533ce268723aaa','YTozOntzOjY6Il90b2tlbiI7czo0MDoieHVLUVE2ZjhiMG90THZiZ1Z3c0RTNW13cUVabUlkZVJQekRGZ3M0RyI7czo5OiJfc2YyX21ldGEiO2E6Mzp7czoxOiJ1IjtpOjE0MTMxOTQ0NTI7czoxOiJjIjtpOjE0MTMxOTQ0NTI7czoxOiJsIjtzOjE6IjAiO31zOjU6ImZsYXNoIjthOjI6e3M6Mzoib2xkIjthOjA6e31zOjM6Im5ldyI7YTowOnt9fX0=',1413194453),('786b1d68a448ad23035de891aee0d14b8a06ff5b','YTozOntzOjY6Il90b2tlbiI7czo0MDoiT2tOTTZqbXdQWUJDWEE4c3VKMDRESThRaFhCM01ra0hFYWtDRzlVSyI7czo5OiJfc2YyX21ldGEiO2E6Mzp7czoxOiJ1IjtpOjE0MTMxODc1MTk7czoxOiJjIjtpOjE0MTMxODc1MTk7czoxOiJsIjtzOjE6IjAiO31zOjU6ImZsYXNoIjthOjI6e3M6Mzoib2xkIjthOjA6e31zOjM6Im5ldyI7YTowOnt9fX0=',1413187519),('78ea9c3e88df90426e5910d9a4325dcc0030d125','YTozOntzOjY6Il90b2tlbiI7czo0MDoidkcwZkQ2ZFRLVFhCRXczZEJ5TWc1U2l1emdVa1hZTE9jVHNPYUY2TSI7czo5OiJfc2YyX21ldGEiO2E6Mzp7czoxOiJ1IjtpOjE0MTI5MzY4NjM7czoxOiJjIjtpOjE0MTI5MzY4NjM7czoxOiJsIjtzOjE6IjAiO31zOjU6ImZsYXNoIjthOjI6e3M6Mzoib2xkIjthOjA6e31zOjM6Im5ldyI7YTowOnt9fX0=',1412936863),('7e10ae2203116ff7b81833f045707924b0799850','YTozOntzOjY6Il90b2tlbiI7czo0MDoiUmJIQ0JuakRwZm1QOUtiR0FwWTJFWW5uM0VtR1pzeUlOVDZocllqVCI7czo5OiJfc2YyX21ldGEiO2E6Mzp7czoxOiJ1IjtpOjE0MTMxODY2Nzc7czoxOiJjIjtpOjE0MTMxODY2Nzc7czoxOiJsIjtzOjE6IjAiO31zOjU6ImZsYXNoIjthOjI6e3M6Mzoib2xkIjthOjA6e31zOjM6Im5ldyI7YTowOnt9fX0=',1413186678),('7f77f04451a6dae6bcbbbc42f02f5a86ade1c5d5','YTozOntzOjY6Il90b2tlbiI7czo0MDoiNHpOVnpxOFdmRnY1ZkFXVGJBckhFbE1nbWpSdDJoZTJESjlLcmx5OSI7czo5OiJfc2YyX21ldGEiO2E6Mzp7czoxOiJ1IjtpOjE0MTI5Mzc0MjI7czoxOiJjIjtpOjE0MTI5Mzc0MjI7czoxOiJsIjtzOjE6IjAiO31zOjU6ImZsYXNoIjthOjI6e3M6Mzoib2xkIjthOjA6e31zOjM6Im5ldyI7YTowOnt9fX0=',1412937422),('802567d0c08b8648623459b0d9ca3fd6e0447266','YTozOntzOjY6Il90b2tlbiI7czo0MDoiRE5zMEVOU0dCQmJjMkZhNXJUTTVicWpIcUJVWThXRUVnRzVKS1RnaCI7czo5OiJfc2YyX21ldGEiO2E6Mzp7czoxOiJ1IjtpOjE0MTI5NDYxNDI7czoxOiJjIjtpOjE0MTI5NDYxNDI7czoxOiJsIjtzOjE6IjAiO31zOjU6ImZsYXNoIjthOjI6e3M6Mzoib2xkIjthOjA6e31zOjM6Im5ldyI7YTowOnt9fX0=',1412946142),('806b21cc5298bac977e5814ba92f6afeb81aa3d8','YTozOntzOjY6Il90b2tlbiI7czo0MDoiMVFhZWhlb01KeWdUTkpJdkpYaG5taHJvT0JNdkVzT2ZmelRCYjQ4ZCI7czo5OiJfc2YyX21ldGEiO2E6Mzp7czoxOiJ1IjtpOjE0MTI4NjIzNTg7czoxOiJjIjtpOjE0MTI4NjIzNTg7czoxOiJsIjtzOjE6IjAiO31zOjU6ImZsYXNoIjthOjI6e3M6Mzoib2xkIjthOjA6e31zOjM6Im5ldyI7YTowOnt9fX0=',1412862359),('809d768c55c9fdcc4491c1b64e9cd8090872f652','YTozOntzOjY6Il90b2tlbiI7czo0MDoiVHdhWFNlZWVUTUVNakxTU09jZ3ZSUVZWc0FYVmY1R051OG9MN0E5OCI7czo5OiJfc2YyX21ldGEiO2E6Mzp7czoxOiJ1IjtpOjE0MTI4NjIzMjI7czoxOiJjIjtpOjE0MTI4NjIzMjI7czoxOiJsIjtzOjE6IjAiO31zOjU6ImZsYXNoIjthOjI6e3M6Mzoib2xkIjthOjA6e31zOjM6Im5ldyI7YTowOnt9fX0=',1412862323),('81ce690feb68fc0308cbf5030fb3d2daa3a0a002','YTozOntzOjY6Il90b2tlbiI7czo0MDoid0FXR00zeFNmcmFDNVhHWDBoNEZJRnNjYUE1bURCNVZQN1BLSFNRMiI7czo5OiJfc2YyX21ldGEiO2E6Mzp7czoxOiJ1IjtpOjE0MTMxODc5ODU7czoxOiJjIjtpOjE0MTMxODc5ODU7czoxOiJsIjtzOjE6IjAiO31zOjU6ImZsYXNoIjthOjI6e3M6Mzoib2xkIjthOjA6e31zOjM6Im5ldyI7YTowOnt9fX0=',1413187985),('8476edc13c437f8408d5839e209e3a39fb1e2d78','YTozOntzOjY6Il90b2tlbiI7czo0MDoiZXBkeDdteGFtWlFEQXFlMEVwQUNLNGtFTFlySGJCR1dhdGxUeWJZbyI7czo5OiJfc2YyX21ldGEiO2E6Mzp7czoxOiJ1IjtpOjE0MTMyMDM3MTc7czoxOiJjIjtpOjE0MTMyMDM3MTc7czoxOiJsIjtzOjE6IjAiO31zOjU6ImZsYXNoIjthOjI6e3M6Mzoib2xkIjthOjA6e31zOjM6Im5ldyI7YTowOnt9fX0=',1413203717),('857e23d9ea23c8eb81e356871130c24ad4f9690d','YTozOntzOjY6Il90b2tlbiI7czo0MDoiYU1MMzdTb0Q3OTliVEVZc0x1VWc2cFhNOGxmcTh2RTZPV2VDOXFmVCI7czo5OiJfc2YyX21ldGEiO2E6Mzp7czoxOiJ1IjtpOjE0MTMxODkyNTI7czoxOiJjIjtpOjE0MTMxODkyNTI7czoxOiJsIjtzOjE6IjAiO31zOjU6ImZsYXNoIjthOjI6e3M6Mzoib2xkIjthOjA6e31zOjM6Im5ldyI7YTowOnt9fX0=',1413189252),('85926ab11252c4028c3ab7c9f873aacf5cd21b7a','YTozOntzOjY6Il90b2tlbiI7czo0MDoidEYxZXdaR2pFaGt6T1RKQ1BGU3JMQmlLb2dnWW04N3gwUmphdXV4VSI7czo5OiJfc2YyX21ldGEiO2E6Mzp7czoxOiJ1IjtpOjE0MTI5NDYxMTQ7czoxOiJjIjtpOjE0MTI5NDYxMTQ7czoxOiJsIjtzOjE6IjAiO31zOjU6ImZsYXNoIjthOjI6e3M6Mzoib2xkIjthOjA6e31zOjM6Im5ldyI7YTowOnt9fX0=',1412946114),('85e137847ab4d06e1b39c119f9269623dee4eaf2','YTozOntzOjY6Il90b2tlbiI7czo0MDoiQTJ1OU5laGQ1ZjJuRFlRTTlkRXhaNlA2NVF2TFEwOHMyc2hHczNPSiI7czo5OiJfc2YyX21ldGEiO2E6Mzp7czoxOiJ1IjtpOjE0MTMxODkzNTM7czoxOiJjIjtpOjE0MTMxODkzNTM7czoxOiJsIjtzOjE6IjAiO31zOjU6ImZsYXNoIjthOjI6e3M6Mzoib2xkIjthOjA6e31zOjM6Im5ldyI7YTowOnt9fX0=',1413189353),('85eb715c4b54a1b1c17e0b8514fffbcedec24910','YTozOntzOjY6Il90b2tlbiI7czo0MDoiQXppMnhKU3N5bmd6YjdETE5pRk9BVGdLbHdrYnNHV3ZCY0NFbDU5VSI7czo5OiJfc2YyX21ldGEiO2E6Mzp7czoxOiJ1IjtpOjE0MTMxOTQ5NDM7czoxOiJjIjtpOjE0MTMxOTQ5NDM7czoxOiJsIjtzOjE6IjAiO31zOjU6ImZsYXNoIjthOjI6e3M6Mzoib2xkIjthOjA6e31zOjM6Im5ldyI7YTowOnt9fX0=',1413194944),('86f47404f4ac658de8bafc1c35fa8d24c4fc067a','YTozOntzOjY6Il90b2tlbiI7czo0MDoibU9ocmd2eEV4VXNvTE1rSTF1M0s0R0hCRmJPRFRabnRrQ2kzTGp0SyI7czo5OiJfc2YyX21ldGEiO2E6Mzp7czoxOiJ1IjtpOjE0MTI4NjIwODc7czoxOiJjIjtpOjE0MTI4NjIwODc7czoxOiJsIjtzOjE6IjAiO31zOjU6ImZsYXNoIjthOjI6e3M6Mzoib2xkIjthOjA6e31zOjM6Im5ldyI7YTowOnt9fX0=',1412862087),('878e18d63ee44e72881908782ec2efa4f6549931','YTozOntzOjY6Il90b2tlbiI7czo0MDoiNnp2VzV5SkVQTzFYcGt0ZkI3RndtRmo1M040bGZRbUlqSUVIM3lZMCI7czo5OiJfc2YyX21ldGEiO2E6Mzp7czoxOiJ1IjtpOjE0MTMxODg5NzE7czoxOiJjIjtpOjE0MTMxODg5NzE7czoxOiJsIjtzOjE6IjAiO31zOjU6ImZsYXNoIjthOjI6e3M6Mzoib2xkIjthOjA6e31zOjM6Im5ldyI7YTowOnt9fX0=',1413188972),('8900297f0bcc27d27d1b6681e89472c7fb75d41b','YTozOntzOjY6Il90b2tlbiI7czo0MDoiMnpwTFR2OUg1NTJaMTc2bWZWSnk1bXNjRzRLc2l3VVlGbDVTaXB3aCI7czo5OiJfc2YyX21ldGEiO2E6Mzp7czoxOiJ1IjtpOjE0MTI5MzkzNDE7czoxOiJjIjtpOjE0MTI5MzkzNDE7czoxOiJsIjtzOjE6IjAiO31zOjU6ImZsYXNoIjthOjI6e3M6Mzoib2xkIjthOjA6e31zOjM6Im5ldyI7YTowOnt9fX0=',1412939342),('8976326d704a69c355e39d1aad57bf2df8c00e97','YTozOntzOjY6Il90b2tlbiI7czo0MDoibjlsbEJwcE9IaUdIUDhCMjZaeFNzYzRDOXE3UXdTcDd5VVRnVW1xVyI7czo5OiJfc2YyX21ldGEiO2E6Mzp7czoxOiJ1IjtpOjE0MTMxOTM3NDA7czoxOiJjIjtpOjE0MTMxOTM3NDA7czoxOiJsIjtzOjE6IjAiO31zOjU6ImZsYXNoIjthOjI6e3M6Mzoib2xkIjthOjA6e31zOjM6Im5ldyI7YTowOnt9fX0=',1413193740),('8a6a15edd75028d50c8e65ebe32d70da45fdff4b','YTozOntzOjY6Il90b2tlbiI7czo0MDoiZ1FSRm9QQ1NmWGZOcWlLQTVaaWVxb3FDZHoyWXVmTU5vUnJTT29HZCI7czo5OiJfc2YyX21ldGEiO2E6Mzp7czoxOiJ1IjtpOjE0MTMxODYxMzY7czoxOiJjIjtpOjE0MTMxODYxMzY7czoxOiJsIjtzOjE6IjAiO31zOjU6ImZsYXNoIjthOjI6e3M6Mzoib2xkIjthOjA6e31zOjM6Im5ldyI7YTowOnt9fX0=',1413186136),('8b084f51e2313fd64776b5efad2f8d8e39120ff7','YTozOntzOjY6Il90b2tlbiI7czo0MDoiTGcxWmRDWldNeVE0Zzk2YnEwTm9QZmZKM2tMVjZzVWhSMnRqMVNWbyI7czo5OiJfc2YyX21ldGEiO2E6Mzp7czoxOiJ1IjtpOjE0MTMyMTU5ODQ7czoxOiJjIjtpOjE0MTMyMTU5ODQ7czoxOiJsIjtzOjE6IjAiO31zOjU6ImZsYXNoIjthOjI6e3M6Mzoib2xkIjthOjA6e31zOjM6Im5ldyI7YTowOnt9fX0=',1413215985),('8c30f5fdd4e56cf0ed84d73790c4154c36366c7c','YTozOntzOjY6Il90b2tlbiI7czo0MDoiUlF4MjROSERPaUlSWmxmSmtxTTF6eG5jcUhnT3RuWUZ2dGJSSGFMViI7czo5OiJfc2YyX21ldGEiO2E6Mzp7czoxOiJ1IjtpOjE0MTI5NDEwOTg7czoxOiJjIjtpOjE0MTI5NDEwOTg7czoxOiJsIjtzOjE6IjAiO31zOjU6ImZsYXNoIjthOjI6e3M6Mzoib2xkIjthOjA6e31zOjM6Im5ldyI7YTowOnt9fX0=',1412941098),('8d26143297fd0414c0707cd4a3047bb72fece359','YTozOntzOjY6Il90b2tlbiI7czo0MDoieWtaUmZMekg5TkdJV3NsU2hzS09zWDlKZlZ2cUJIRHpDQ1c5RmdVTSI7czo5OiJfc2YyX21ldGEiO2E6Mzp7czoxOiJ1IjtpOjE0MTI5MzkyOTI7czoxOiJjIjtpOjE0MTI5MzkyOTI7czoxOiJsIjtzOjE6IjAiO31zOjU6ImZsYXNoIjthOjI6e3M6Mzoib2xkIjthOjA6e31zOjM6Im5ldyI7YTowOnt9fX0=',1412939292),('8e84449af5c07d00ddfbc764ad8bd6e9e5e35d04','YTozOntzOjY6Il90b2tlbiI7czo0MDoiMlVqeHdLc2Foem0yZDAycXpiR0dpNEVkazJVOXpVRlZONUtVSWp5cyI7czo5OiJfc2YyX21ldGEiO2E6Mzp7czoxOiJ1IjtpOjE0MTMxOTQ0MjA7czoxOiJjIjtpOjE0MTMxOTQ0MjA7czoxOiJsIjtzOjE6IjAiO31zOjU6ImZsYXNoIjthOjI6e3M6Mzoib2xkIjthOjA6e31zOjM6Im5ldyI7YTowOnt9fX0=',1413194421),('8edafb55ba2f9b777a9ca1939795726a97159223','YTozOntzOjY6Il90b2tlbiI7czo0MDoiWlFRdnptN21xUTJLbUFRN1hlMXdUU0hLRE1BcVZIMGJ3blRJSVRtaSI7czo5OiJfc2YyX21ldGEiO2E6Mzp7czoxOiJ1IjtpOjE0MTI5Mzk5Mjc7czoxOiJjIjtpOjE0MTI5Mzk5Mjc7czoxOiJsIjtzOjE6IjAiO31zOjU6ImZsYXNoIjthOjI6e3M6Mzoib2xkIjthOjA6e31zOjM6Im5ldyI7YTowOnt9fX0=',1412939927),('8f65d7f94c4ca6e0bd49ef8531988444d86d19e8','YTozOntzOjY6Il90b2tlbiI7czo0MDoiUXBNTDdvS2Y0SnhyWmNZSk8zekdDUHhpdXE5eGxtTFVod1JySVRnZyI7czo5OiJfc2YyX21ldGEiO2E6Mzp7czoxOiJ1IjtpOjE0MTI5MzMyMDQ7czoxOiJjIjtpOjE0MTI5MzMyMDQ7czoxOiJsIjtzOjE6IjAiO31zOjU6ImZsYXNoIjthOjI6e3M6Mzoib2xkIjthOjA6e31zOjM6Im5ldyI7YTowOnt9fX0=',1412933205),('901cd55f4a2a940949949e5390f11f94b18e0a7c','YTozOntzOjY6Il90b2tlbiI7czo0MDoiOFBjTVBBN0RVbVlhVlM5QTQwazZSazFLZ2xpSW5nZkFmbzFnYnNmNiI7czo5OiJfc2YyX21ldGEiO2E6Mzp7czoxOiJ1IjtpOjE0MTI5NDE0OTk7czoxOiJjIjtpOjE0MTI5NDE0OTk7czoxOiJsIjtzOjE6IjAiO31zOjU6ImZsYXNoIjthOjI6e3M6Mzoib2xkIjthOjA6e31zOjM6Im5ldyI7YTowOnt9fX0=',1412941500),('90829d98ac3577731890a141ef1b53696eed31aa','YTozOntzOjY6Il90b2tlbiI7czo0MDoickx4VElEdGNjZ1dWbWtWVTRRYjJkQk1CcWwxRmZ4eHNqSDZHclo3eCI7czo5OiJfc2YyX21ldGEiO2E6Mzp7czoxOiJ1IjtpOjE0MTI5MzUyMjQ7czoxOiJjIjtpOjE0MTI5MzUyMjQ7czoxOiJsIjtzOjE6IjAiO31zOjU6ImZsYXNoIjthOjI6e3M6Mzoib2xkIjthOjA6e31zOjM6Im5ldyI7YTowOnt9fX0=',1412935224),('90856e9c2fd739e1c6148358faaa76d2cd4c3531','YTozOntzOjY6Il90b2tlbiI7czo0MDoib2VoQmRqekRLaVNybzJMa0ozdUZCbzhLR0dNYnAzdXZFQU5ncWNsQiI7czo5OiJfc2YyX21ldGEiO2E6Mzp7czoxOiJ1IjtpOjE0MTMxODY1MzI7czoxOiJjIjtpOjE0MTMxODY1MzI7czoxOiJsIjtzOjE6IjAiO31zOjU6ImZsYXNoIjthOjI6e3M6Mzoib2xkIjthOjA6e31zOjM6Im5ldyI7YTowOnt9fX0=',1413186532),('909190442791f090c2641e6a2cc69ff3d376261f','YTo0OntzOjY6Il90b2tlbiI7czo0MDoiM0hSRGJQYUlMV2xqYzZ3WERhSlA4SVpHRzlsMFh4TVZuM0s5QzA1MCI7czozODoibG9naW5fODJlNWQyYzU2YmRkMDgxMTMxOGYwY2YwNzhiNzhiZmMiO047czo5OiJfc2YyX21ldGEiO2E6Mzp7czoxOiJ1IjtpOjE0MTI5NDU3MDY7czoxOiJjIjtpOjE0MTI5NDU3MDY7czoxOiJsIjtzOjE6IjAiO31zOjU6ImZsYXNoIjthOjI6e3M6Mzoib2xkIjthOjA6e31zOjM6Im5ldyI7YTowOnt9fX0=',1412945707),('90a3e0ffee7c59aa2d861a7355e1e89cf685a500','YTozOntzOjY6Il90b2tlbiI7czo0MDoiWk15WUZjTm1sVUtkc3BONGxtbVhTSnBGSmwwRU03ZXU1U0Q5MndVRSI7czo5OiJfc2YyX21ldGEiO2E6Mzp7czoxOiJ1IjtpOjE0MTMxOTQ3Nzk7czoxOiJjIjtpOjE0MTMxOTQ3Nzk7czoxOiJsIjtzOjE6IjAiO31zOjU6ImZsYXNoIjthOjI6e3M6Mzoib2xkIjthOjA6e31zOjM6Im5ldyI7YTowOnt9fX0=',1413194779),('90b7b9ce12c5e3437a3f1f5f54b39f698511389e','YTozOntzOjY6Il90b2tlbiI7czo0MDoiM1Rtc3hzQlNHTFEzQlZCb2RwSmR5QzVPOXE0WFJkb1M3N1dVU21NZSI7czo5OiJfc2YyX21ldGEiO2E6Mzp7czoxOiJ1IjtpOjE0MTMyMDY4MTE7czoxOiJjIjtpOjE0MTMyMDY4MTE7czoxOiJsIjtzOjE6IjAiO31zOjU6ImZsYXNoIjthOjI6e3M6Mzoib2xkIjthOjA6e31zOjM6Im5ldyI7YTowOnt9fX0=',1413206811),('92380a05c579c06734d6e33a6a37f2bda0aac68c','YTozOntzOjY6Il90b2tlbiI7czo0MDoiSU1CMkhNb0ZGS0xvaUZzUGM5U2lENXNtNkxFZ3Zwb3FtR0lJWlRDTyI7czo5OiJfc2YyX21ldGEiO2E6Mzp7czoxOiJ1IjtpOjE0MTI5NDEwOTE7czoxOiJjIjtpOjE0MTI5NDEwOTE7czoxOiJsIjtzOjE6IjAiO31zOjU6ImZsYXNoIjthOjI6e3M6Mzoib2xkIjthOjA6e31zOjM6Im5ldyI7YTowOnt9fX0=',1412941091),('92f738b68c3773a17e11df291dc8b07817d9c92c','YTozOntzOjY6Il90b2tlbiI7czo0MDoiZWNzVXJqd3Rsd2JzQkdDZUl4dnRRNjBDMFpZcEdGVkVKTnNkamNTbiI7czo5OiJfc2YyX21ldGEiO2E6Mzp7czoxOiJ1IjtpOjE0MTI5Mzc1MDI7czoxOiJjIjtpOjE0MTI5Mzc1MDI7czoxOiJsIjtzOjE6IjAiO31zOjU6ImZsYXNoIjthOjI6e3M6Mzoib2xkIjthOjA6e31zOjM6Im5ldyI7YTowOnt9fX0=',1412937503),('93365cf94bc837c9f5c08971046ffe2a6dc41035','YTo0OntzOjY6Il90b2tlbiI7czo0MDoiaFFtY3FWcXpvSkpLQVJRZDZ5ZklZNTUzMHk3MkJ0bVFJNTU3TFJSdyI7czozODoibG9naW5fODJlNWQyYzU2YmRkMDgxMTMxOGYwY2YwNzhiNzhiZmMiO3M6MToiNCI7czo5OiJfc2YyX21ldGEiO2E6Mzp7czoxOiJ1IjtpOjE0MTI5NDYwMzM7czoxOiJjIjtpOjE0MTI5NDYwMzM7czoxOiJsIjtzOjE6IjAiO31zOjU6ImZsYXNoIjthOjI6e3M6Mzoib2xkIjthOjA6e31zOjM6Im5ldyI7YTowOnt9fX0=',1412946033),('93810c5c02e18b386d413297452893f0657199dd','YTozOntzOjY6Il90b2tlbiI7czo0MDoiZ2hhVlphU2ZTSHFnRkpPOXppRTZMV2Q5OTdycjJ5QTIzamk5MUlFNSI7czo5OiJfc2YyX21ldGEiO2E6Mzp7czoxOiJ1IjtpOjE0MTMyMTI2MTQ7czoxOiJjIjtpOjE0MTMyMTI2MTQ7czoxOiJsIjtzOjE6IjAiO31zOjU6ImZsYXNoIjthOjI6e3M6Mzoib2xkIjthOjA6e31zOjM6Im5ldyI7YTowOnt9fX0=',1413212614),('959aa19f1f9844f0d037beafd0f54b538d87ea40','YTozOntzOjY6Il90b2tlbiI7czo0MDoic2VaVjNRN2hlUmc5ZW1WVzJVZ2M1aTNyY3RjZmduOXMwME1SSGVTWCI7czo5OiJfc2YyX21ldGEiO2E6Mzp7czoxOiJ1IjtpOjE0MTMyMTIxMDM7czoxOiJjIjtpOjE0MTMyMTIxMDM7czoxOiJsIjtzOjE6IjAiO31zOjU6ImZsYXNoIjthOjI6e3M6Mzoib2xkIjthOjA6e31zOjM6Im5ldyI7YTowOnt9fX0=',1413212103),('97928402551adcdc786b601936e3b8e12ac7e48e','YTozOntzOjY6Il90b2tlbiI7czo0MDoibkZ6VnlDaDE2R1F6bkFFY05ZV01USGhLWmdIRURlU2ZPeExrMFpwMSI7czo5OiJfc2YyX21ldGEiO2E6Mzp7czoxOiJ1IjtpOjE0MTMyMDM2NTg7czoxOiJjIjtpOjE0MTMyMDM2NTg7czoxOiJsIjtzOjE6IjAiO31zOjU6ImZsYXNoIjthOjI6e3M6Mzoib2xkIjthOjA6e31zOjM6Im5ldyI7YTowOnt9fX0=',1413203658),('98c8ddb0ceeb38dc81bb76ecb0c0dcc83cce0d84','YTozOntzOjY6Il90b2tlbiI7czo0MDoiUVFwdkRZcFBPTUVhNVowcDhLbDR5Q3MxRFlGSmFKOUtERnJEU0dBNCI7czo5OiJfc2YyX21ldGEiO2E6Mzp7czoxOiJ1IjtpOjE0MTMxOTQ0OTI7czoxOiJjIjtpOjE0MTMxOTQ0OTI7czoxOiJsIjtzOjE6IjAiO31zOjU6ImZsYXNoIjthOjI6e3M6Mzoib2xkIjthOjA6e31zOjM6Im5ldyI7YTowOnt9fX0=',1413194492),('9a61e92b68bc83ff54c406aa2662991dd2478159','YTozOntzOjY6Il90b2tlbiI7czo0MDoicExzeEdpVTJ6TmowaE05R1VYbURTaDV1UE9jMmYxMVdBUW5tS1VUeCI7czo5OiJfc2YyX21ldGEiO2E6Mzp7czoxOiJ1IjtpOjE0MTMxODkxMTA7czoxOiJjIjtpOjE0MTMxODkxMTA7czoxOiJsIjtzOjE6IjAiO31zOjU6ImZsYXNoIjthOjI6e3M6Mzoib2xkIjthOjA6e31zOjM6Im5ldyI7YTowOnt9fX0=',1413189111),('9ab410d31d81c6e4137a96619e7785b25649dd5e','YTozOntzOjY6Il90b2tlbiI7czo0MDoiUVdPN0ljbVpXTmxVNUxyYm5DaGJ5STNFTkhiS2hTdE8zREdMcE9BOSI7czo5OiJfc2YyX21ldGEiO2E6Mzp7czoxOiJ1IjtpOjE0MTI5NDE1MzQ7czoxOiJjIjtpOjE0MTI5NDE1MzQ7czoxOiJsIjtzOjE6IjAiO31zOjU6ImZsYXNoIjthOjI6e3M6Mzoib2xkIjthOjA6e31zOjM6Im5ldyI7YTowOnt9fX0=',1412941534),('9b20ab22b3939c5958ccfadc49f9ed110ecd4481','YTozOntzOjY6Il90b2tlbiI7czo0MDoic0JpRURCbVQ5bFpyMFRJRTg5Zkk4bUZxZ1V3SkR4TlVseHphcmdUZyI7czo5OiJfc2YyX21ldGEiO2E6Mzp7czoxOiJ1IjtpOjE0MTMyMTY0MzY7czoxOiJjIjtpOjE0MTMyMTY0MzY7czoxOiJsIjtzOjE6IjAiO31zOjU6ImZsYXNoIjthOjI6e3M6Mzoib2xkIjthOjA6e31zOjM6Im5ldyI7YTowOnt9fX0=',1413216436),('9b463126e277e4c87aaba3290f326a1021d01dfb','YTozOntzOjY6Il90b2tlbiI7czo0MDoia3ZubXlaUkZ2Vk04alROMXlpMkNTWDB6ZVR6azBiaEdRRVI2d0J3cyI7czo5OiJfc2YyX21ldGEiO2E6Mzp7czoxOiJ1IjtpOjE0MTI5NDYyOTY7czoxOiJjIjtpOjE0MTI5NDYyOTY7czoxOiJsIjtzOjE6IjAiO31zOjU6ImZsYXNoIjthOjI6e3M6Mzoib2xkIjthOjA6e31zOjM6Im5ldyI7YTowOnt9fX0=',1412946296),('9d9697611225a25a9fa0f7d587dda95c8dc97ac2','YTozOntzOjY6Il90b2tlbiI7czo0MDoiblFJN0d3QWhDZnY5YXdsTHlhb0FIVEMyUmpvRUpZUlVaOE02T2JlbiI7czo5OiJfc2YyX21ldGEiO2E6Mzp7czoxOiJ1IjtpOjE0MTI5MzM0NjA7czoxOiJjIjtpOjE0MTI5MzM0NjA7czoxOiJsIjtzOjE6IjAiO31zOjU6ImZsYXNoIjthOjI6e3M6Mzoib2xkIjthOjA6e31zOjM6Im5ldyI7YTowOnt9fX0=',1412933460),('a189fafd6cea4ac596a03285bdc1290039318ffc','YTozOntzOjY6Il90b2tlbiI7czo0MDoidm5IY253NnRVZUN5R2EwUVdPMnJObElDMGxsNTlhRGd4N1cxZHJTMCI7czo5OiJfc2YyX21ldGEiO2E6Mzp7czoxOiJ1IjtpOjE0MTI5MzI2NTk7czoxOiJjIjtpOjE0MTI5MzI2NTk7czoxOiJsIjtzOjE6IjAiO31zOjU6ImZsYXNoIjthOjI6e3M6Mzoib2xkIjthOjA6e31zOjM6Im5ldyI7YTowOnt9fX0=',1412932659),('a18c95e9eceb1d6bd21f007b53d5c6cd2a78802c','YTozOntzOjY6Il90b2tlbiI7czo0MDoiS2IwTDRKdm00ZXdObHdRU3NDa0JRSWE1VUhkc3A1WkdXcmF0TElGViI7czo5OiJfc2YyX21ldGEiO2E6Mzp7czoxOiJ1IjtpOjE0MTI5MzM0NjI7czoxOiJjIjtpOjE0MTI5MzM0NjI7czoxOiJsIjtzOjE6IjAiO31zOjU6ImZsYXNoIjthOjI6e3M6Mzoib2xkIjthOjA6e31zOjM6Im5ldyI7YTowOnt9fX0=',1412933462),('a33efdfe31bb3e6e176b5303d5a346cb920a027e','YTozOntzOjY6Il90b2tlbiI7czo0MDoiR3NsdlhkSXZSY0xMOTlDbDlaU3c5Tjkzaks5ZGYxTGpLZHZ5YnEzWiI7czo5OiJfc2YyX21ldGEiO2E6Mzp7czoxOiJ1IjtpOjE0MTI5NDE1MDg7czoxOiJjIjtpOjE0MTI5NDE1MDg7czoxOiJsIjtzOjE6IjAiO31zOjU6ImZsYXNoIjthOjI6e3M6Mzoib2xkIjthOjA6e31zOjM6Im5ldyI7YTowOnt9fX0=',1412941508),('a3853f87d320fb1ad17e5c6d61dd681ad2f21fe8','YTozOntzOjY6Il90b2tlbiI7czo0MDoiZzRQREl6RDZFRXBrWnJWT3NxblNQTWRaanQ2M0F1VWVDMUVKaHdlcSI7czo5OiJfc2YyX21ldGEiO2E6Mzp7czoxOiJ1IjtpOjE0MTI5MzUyMzA7czoxOiJjIjtpOjE0MTI5MzUyMzA7czoxOiJsIjtzOjE6IjAiO31zOjU6ImZsYXNoIjthOjI6e3M6Mzoib2xkIjthOjA6e31zOjM6Im5ldyI7YTowOnt9fX0=',1412935230),('a451180837808ac3440eef3348e83e7ba772978b','YTozOntzOjY6Il90b2tlbiI7czo0MDoiNDN5UHluc0RqWnE3MmM1TzN5SWJHZGllRjRlblc0NmtseWhISjNLNiI7czo5OiJfc2YyX21ldGEiO2E6Mzp7czoxOiJ1IjtpOjE0MTI5NDA2Mjg7czoxOiJjIjtpOjE0MTI5NDA2Mjg7czoxOiJsIjtzOjE6IjAiO31zOjU6ImZsYXNoIjthOjI6e3M6Mzoib2xkIjthOjA6e31zOjM6Im5ldyI7YTowOnt9fX0=',1412940628),('a4cde7462d15b1ee71ba80bd7e88404b2cbc29f5','YTo0OntzOjY6Il90b2tlbiI7czo0MDoiTG1pazJRYkgyVWVWUzJoNnJEUzRJZVB5ZDVBSHJpeUVlR1hhdGNNYyI7czozODoibG9naW5fODJlNWQyYzU2YmRkMDgxMTMxOGYwY2YwNzhiNzhiZmMiO047czo5OiJfc2YyX21ldGEiO2E6Mzp7czoxOiJ1IjtpOjE0MTI5NDU5MDU7czoxOiJjIjtpOjE0MTI5NDU5MDU7czoxOiJsIjtzOjE6IjAiO31zOjU6ImZsYXNoIjthOjI6e3M6Mzoib2xkIjthOjA6e31zOjM6Im5ldyI7YTowOnt9fX0=',1412945906),('a55105feeee96fa09fcc055aebf65e1328ca0bf3','YTo0OntzOjY6Il90b2tlbiI7czo0MDoidmdHSVVwSDltSjhLRU1NampMZEc5UHRldTh0akJpS0gwR0R6Tk40byI7czozODoibG9naW5fODJlNWQyYzU2YmRkMDgxMTMxOGYwY2YwNzhiNzhiZmMiO3M6MToiMyI7czo5OiJfc2YyX21ldGEiO2E6Mzp7czoxOiJ1IjtpOjE0MTI5NDU5MjQ7czoxOiJjIjtpOjE0MTI5NDU5MjQ7czoxOiJsIjtzOjE6IjAiO31zOjU6ImZsYXNoIjthOjI6e3M6Mzoib2xkIjthOjA6e31zOjM6Im5ldyI7YTowOnt9fX0=',1412945924),('a553f8e3e7cfe56311ad98477e23f05a3a22fe7a','YTozOntzOjY6Il90b2tlbiI7czo0MDoidmRRYTZFU0VIYmlEVVpWaUFla2g1amV6WGxXT1R3a2s5M1VLc1V5OCI7czo5OiJfc2YyX21ldGEiO2E6Mzp7czoxOiJ1IjtpOjE0MTMxOTM3Nzk7czoxOiJjIjtpOjE0MTMxOTM3Nzk7czoxOiJsIjtzOjE6IjAiO31zOjU6ImZsYXNoIjthOjI6e3M6Mzoib2xkIjthOjA6e31zOjM6Im5ldyI7YTowOnt9fX0=',1413193780),('a568a3bfc3c3dcdd04725c47dc3ef6a088762798','YTozOntzOjY6Il90b2tlbiI7czo0MDoiYVpzSWhTRHRHZUNhMDNiMkQ3ak8xcG5ZT3FHYndSSjJSRVNlV204SSI7czo5OiJfc2YyX21ldGEiO2E6Mzp7czoxOiJ1IjtpOjE0MTI5NDA2NzM7czoxOiJjIjtpOjE0MTI5NDA2NzM7czoxOiJsIjtzOjE6IjAiO31zOjU6ImZsYXNoIjthOjI6e3M6Mzoib2xkIjthOjA6e31zOjM6Im5ldyI7YTowOnt9fX0=',1412940673),('a5f15764d2e79ca12d36e0728f54d22a24ec060c','YTozOntzOjY6Il90b2tlbiI7czo0MDoiZUpNVW5LMEt5SlR5c0FMblFEV0dhaVhwaTZ0cXVGSUpMaHN6WEM0ZCI7czo5OiJfc2YyX21ldGEiO2E6Mzp7czoxOiJ1IjtpOjE0MTI5Mzc1Nzk7czoxOiJjIjtpOjE0MTI5Mzc1Nzk7czoxOiJsIjtzOjE6IjAiO31zOjU6ImZsYXNoIjthOjI6e3M6Mzoib2xkIjthOjA6e31zOjM6Im5ldyI7YTowOnt9fX0=',1412937580),('a5faaf0a1891c1fbf8060d73cb80eda14d30ebc0','YTozOntzOjY6Il90b2tlbiI7czo0MDoiUUQ4SDI0UU90S3BqMlpDRUx4ek9Lc0R4SnBkT09mcDNWalhjU1ZWSiI7czo5OiJfc2YyX21ldGEiO2E6Mzp7czoxOiJ1IjtpOjE0MTI5NDA2MTg7czoxOiJjIjtpOjE0MTI5NDA2MTg7czoxOiJsIjtzOjE6IjAiO31zOjU6ImZsYXNoIjthOjI6e3M6Mzoib2xkIjthOjA6e31zOjM6Im5ldyI7YTowOnt9fX0=',1412940618),('a714261e419feba9429809294c3a279da7ebe1c2','YTozOntzOjY6Il90b2tlbiI7czo0MDoiMzZtNHNPSTRNSTNWREx1MEhlbHVWMlNEOUV4cEZUa2RSUWZGN3d3diI7czo5OiJfc2YyX21ldGEiO2E6Mzp7czoxOiJ1IjtpOjE0MTI5MzIzNDY7czoxOiJjIjtpOjE0MTI5MzIzNDY7czoxOiJsIjtzOjE6IjAiO31zOjU6ImZsYXNoIjthOjI6e3M6Mzoib2xkIjthOjA6e31zOjM6Im5ldyI7YTowOnt9fX0=',1412932347),('a7b11c63bc823e9d11f615be057bcb6827de8e45','YTozOntzOjY6Il90b2tlbiI7czo0MDoiMVdDQlJwUGVleTNNMkVwOWNwa1BEbWJ2ejVUcDRrdDhRNmU4Qk5hUiI7czo5OiJfc2YyX21ldGEiO2E6Mzp7czoxOiJ1IjtpOjE0MTI5Mzc2MDM7czoxOiJjIjtpOjE0MTI5Mzc2MDM7czoxOiJsIjtzOjE6IjAiO31zOjU6ImZsYXNoIjthOjI6e3M6Mzoib2xkIjthOjA6e31zOjM6Im5ldyI7YTowOnt9fX0=',1412937603),('a85c616bb02e0e48b47c6733232ae6d5295d2547','YTozOntzOjY6Il90b2tlbiI7czo0MDoiUlRZN3JEQWhmUGRBSEdDd3dNN1VqbTFQWkk1RHloaGNqbDBRNWY0QiI7czo5OiJfc2YyX21ldGEiO2E6Mzp7czoxOiJ1IjtpOjE0MTMyMDAzODQ7czoxOiJjIjtpOjE0MTMyMDAzODQ7czoxOiJsIjtzOjE6IjAiO31zOjU6ImZsYXNoIjthOjI6e3M6Mzoib2xkIjthOjA6e31zOjM6Im5ldyI7YTowOnt9fX0=',1413200384),('aa285f35b15ab298dd83a13b36bcac9694703c49','YTozOntzOjY6Il90b2tlbiI7czo0MDoiemZJZWVsdG93YjV2N2JQTGFLVTdVeVREMTlodE5vaUk3UFB3MWJscyI7czo5OiJfc2YyX21ldGEiO2E6Mzp7czoxOiJ1IjtpOjE0MTI5MzUyMTE7czoxOiJjIjtpOjE0MTI5MzUyMTE7czoxOiJsIjtzOjE6IjAiO31zOjU6ImZsYXNoIjthOjI6e3M6Mzoib2xkIjthOjA6e31zOjM6Im5ldyI7YTowOnt9fX0=',1412935211),('aa643923cdf7bd993e101ca500c23c8e8d212896','YTozOntzOjY6Il90b2tlbiI7czo0MDoic1o1ZnY1cUF6bVc3WFNwTkRnYVdNVHdpaDJUd0VrZVI5elFRWDFRciI7czo5OiJfc2YyX21ldGEiO2E6Mzp7czoxOiJ1IjtpOjE0MTI5MzkzNDg7czoxOiJjIjtpOjE0MTI5MzkzNDg7czoxOiJsIjtzOjE6IjAiO31zOjU6ImZsYXNoIjthOjI6e3M6Mzoib2xkIjthOjA6e31zOjM6Im5ldyI7YTowOnt9fX0=',1412939348),('aa9fad95059d8fce00866dec7ccb31d452c8d31f','YTozOntzOjY6Il90b2tlbiI7czo0MDoiMEFvVXBVZ2xJRktMT2pmUWpOQUxNbGMyV09JaE5sUUJLOW92MmZheiI7czo5OiJfc2YyX21ldGEiO2E6Mzp7czoxOiJ1IjtpOjE0MTI5MzY4NTM7czoxOiJjIjtpOjE0MTI5MzY4NTM7czoxOiJsIjtzOjE6IjAiO31zOjU6ImZsYXNoIjthOjI6e3M6Mzoib2xkIjthOjA6e31zOjM6Im5ldyI7YTowOnt9fX0=',1412936853),('ab16e729424a7bf3aff50238648684ea509b1def','YTozOntzOjY6Il90b2tlbiI7czo0MDoiVDV2eGVnNmZ5bzVuSlk4ejJJM1BjbjZYeXRoVHFuTk1yeEE1RE9aOSI7czo5OiJfc2YyX21ldGEiO2E6Mzp7czoxOiJ1IjtpOjE0MTI5MzY4NDU7czoxOiJjIjtpOjE0MTI5MzY4NDU7czoxOiJsIjtzOjE6IjAiO31zOjU6ImZsYXNoIjthOjI6e3M6Mzoib2xkIjthOjA6e31zOjM6Im5ldyI7YTowOnt9fX0=',1412936846),('abb83391fad3bbc004dff10dc6431fec5685144f','YTozOntzOjY6Il90b2tlbiI7czo0MDoiV3lPMjM0UnR3WVlUVEhKS01USGNtMG5SQXh2Um9DMDdMcXJrOWlmSCI7czo5OiJfc2YyX21ldGEiO2E6Mzp7czoxOiJ1IjtpOjE0MTI5MzIwMzE7czoxOiJjIjtpOjE0MTI5MzIwMzE7czoxOiJsIjtzOjE6IjAiO31zOjU6ImZsYXNoIjthOjI6e3M6Mzoib2xkIjthOjA6e31zOjM6Im5ldyI7YTowOnt9fX0=',1412932031),('adf3f363839f9c98d042e872919810187908bc6d','YTozOntzOjY6Il90b2tlbiI7czo0MDoiMTVlQlJpejI5Uk5mYmh5SUdsWDJ2VGJyRFpEeVZXREpGVXY4NnFBSSI7czo5OiJfc2YyX21ldGEiO2E6Mzp7czoxOiJ1IjtpOjE0MTMxODY1MjY7czoxOiJjIjtpOjE0MTMxODY1MjY7czoxOiJsIjtzOjE6IjAiO31zOjU6ImZsYXNoIjthOjI6e3M6Mzoib2xkIjthOjA6e31zOjM6Im5ldyI7YTowOnt9fX0=',1413186526),('afc2c7db4d55cb28e59105087e8d332a99d0430d','YTozOntzOjY6Il90b2tlbiI7czo0MDoiM0doeDA3QUgxeFJuc3I5TjJUSHhPc1c3RDlwWTJ6NGs0ekZ4eGxaYiI7czo5OiJfc2YyX21ldGEiO2E6Mzp7czoxOiJ1IjtpOjE0MTI5MzUzNzU7czoxOiJjIjtpOjE0MTI5MzUzNzU7czoxOiJsIjtzOjE6IjAiO31zOjU6ImZsYXNoIjthOjI6e3M6Mzoib2xkIjthOjA6e31zOjM6Im5ldyI7YTowOnt9fX0=',1412935375),('aff31578b8465c435ddc621e0bfd81483322fc1a','YTozOntzOjY6Il90b2tlbiI7czo0MDoiMFRSaDBpUG9VSm13R0s3aENhS2RWbzRUd0R5UzhrRm51RVg3UTdHWiI7czo5OiJfc2YyX21ldGEiO2E6Mzp7czoxOiJ1IjtpOjE0MTMxODY2NTI7czoxOiJjIjtpOjE0MTMxODY2NTI7czoxOiJsIjtzOjE6IjAiO31zOjU6ImZsYXNoIjthOjI6e3M6Mzoib2xkIjthOjA6e31zOjM6Im5ldyI7YTowOnt9fX0=',1413186652),('b02f16e475228128f4505a830b06efe336da79da','YTozOntzOjY6Il90b2tlbiI7czo0MDoibW1rY2VseGF3ZnMzVGcyWUpiUmhyRGhXSWVKU1o2UXFMS1ROZmxoZyI7czo5OiJfc2YyX21ldGEiO2E6Mzp7czoxOiJ1IjtpOjE0MTI5MzMzMDQ7czoxOiJjIjtpOjE0MTI5MzMzMDQ7czoxOiJsIjtzOjE6IjAiO31zOjU6ImZsYXNoIjthOjI6e3M6Mzoib2xkIjthOjA6e31zOjM6Im5ldyI7YTowOnt9fX0=',1412933304),('b0a463ead151e38937df9d2fe309b02fa8f56785','YTo0OntzOjY6Il90b2tlbiI7czo0MDoiTWdoclVJdEJjU2tvT0FMcFdDYnhTb3U1YVZPbTFRTjRCUUwyaENRZSI7czozOiJ1cmwiO2E6MTp7czo4OiJpbnRlbmRlZCI7czoyODoiaHR0cDovLzE5Mi4xNjguMzMuMTAvcHJvZmlsZSI7fXM6OToiX3NmMl9tZXRhIjthOjM6e3M6MToidSI7aToxNDEyOTQ1OTA2O3M6MToiYyI7aToxNDEyOTQ1OTA2O3M6MToibCI7czoxOiIwIjt9czo1OiJmbGFzaCI7YToyOntzOjM6Im9sZCI7YTowOnt9czozOiJuZXciO2E6MDp7fX19',1412945906),('b2203d4c8bacbf70a450a660f3516bf0b003b047','YTozOntzOjY6Il90b2tlbiI7czo0MDoieTlJUUppWFg1MTU2amxsUkNETXBNbnk2bDByRndRNVJETElTN0hjNiI7czo5OiJfc2YyX21ldGEiO2E6Mzp7czoxOiJ1IjtpOjE0MTI5MzkyODQ7czoxOiJjIjtpOjE0MTI5MzkyODQ7czoxOiJsIjtzOjE6IjAiO31zOjU6ImZsYXNoIjthOjI6e3M6Mzoib2xkIjthOjA6e31zOjM6Im5ldyI7YTowOnt9fX0=',1412939285),('b25dea360db3a1f57fc105c0cd44551d99af6a6b','YTozOntzOjY6Il90b2tlbiI7czo0MDoicVVrTTJTd1d4eWlWUkFaclJtS0VndzdGbFF5cWEyVjJZSjhGcDkxYyI7czo5OiJfc2YyX21ldGEiO2E6Mzp7czoxOiJ1IjtpOjE0MTI5NDE0MjQ7czoxOiJjIjtpOjE0MTI5NDE0MjQ7czoxOiJsIjtzOjE6IjAiO31zOjU6ImZsYXNoIjthOjI6e3M6Mzoib2xkIjthOjA6e31zOjM6Im5ldyI7YTowOnt9fX0=',1412941424),('b391b709da13124cb4bdec09529e6efa9e225cab','YTozOntzOjY6Il90b2tlbiI7czo0MDoieE5oc1ltQWQyaWZOdDlqQmkwYWpYSTVja0VmelN4YmxiUDdVeEZCZSI7czo5OiJfc2YyX21ldGEiO2E6Mzp7czoxOiJ1IjtpOjE0MTI5NDU2NjU7czoxOiJjIjtpOjE0MTI5NDU2NjU7czoxOiJsIjtzOjE6IjAiO31zOjU6ImZsYXNoIjthOjI6e3M6Mzoib2xkIjthOjA6e31zOjM6Im5ldyI7YTowOnt9fX0=',1412945665),('b44a347006baaf43c90d56d20af7b1c48fa4db5c','YTozOntzOjY6Il90b2tlbiI7czo0MDoiZnpwTENxQTZUWU41b2dmZXZ4bkNlNDBmd2dzY0JvOHFSNk9VZGdCaiI7czo5OiJfc2YyX21ldGEiO2E6Mzp7czoxOiJ1IjtpOjE0MTMxODY2MDQ7czoxOiJjIjtpOjE0MTMxODY2MDQ7czoxOiJsIjtzOjE6IjAiO31zOjU6ImZsYXNoIjthOjI6e3M6Mzoib2xkIjthOjA6e31zOjM6Im5ldyI7YTowOnt9fX0=',1413186604),('b5d9b0d2918d22f88786bf8773735a6db0969a86','YTozOntzOjY6Il90b2tlbiI7czo0MDoicmw2M2ozUEVjWUxhSWpHdmh6NXpudDJUTjM0eXpKaEN1UkhJVXVWdCI7czo5OiJfc2YyX21ldGEiO2E6Mzp7czoxOiJ1IjtpOjE0MTI5MzU1ODg7czoxOiJjIjtpOjE0MTI5MzU1ODg7czoxOiJsIjtzOjE6IjAiO31zOjU6ImZsYXNoIjthOjI6e3M6Mzoib2xkIjthOjA6e31zOjM6Im5ldyI7YTowOnt9fX0=',1412935588),('b89ad4ef606b03dfcd611c36d8f1a652c18038ea','YTozOntzOjY6Il90b2tlbiI7czo0MDoiYWpYS0llNDZqVjA1Qlo1SjhpbUxzWXJRZzVJVXVsbEJCS0Y2SHZBcCI7czo5OiJfc2YyX21ldGEiO2E6Mzp7czoxOiJ1IjtpOjE0MTI5MzI0MTk7czoxOiJjIjtpOjE0MTI5MzI0MTk7czoxOiJsIjtzOjE6IjAiO31zOjU6ImZsYXNoIjthOjI6e3M6Mzoib2xkIjthOjA6e31zOjM6Im5ldyI7YTowOnt9fX0=',1412932419),('baa920b99ec02d99a0aeb0b400598c66c7263f0d','YTozOntzOjY6Il90b2tlbiI7czo0MDoic1k0WmVNZHdEYm5xZUdRaFNCZXl0bHNCdFBEdUI1Qm9ybElxYWhDcSI7czo5OiJfc2YyX21ldGEiO2E6Mzp7czoxOiJ1IjtpOjE0MTMxODYwMjI7czoxOiJjIjtpOjE0MTMxODYwMjI7czoxOiJsIjtzOjE6IjAiO31zOjU6ImZsYXNoIjthOjI6e3M6Mzoib2xkIjthOjA6e31zOjM6Im5ldyI7YTowOnt9fX0=',1413186022),('bbb3eda9363c1710a8bb676c50ab847c81407784','YTozOntzOjY6Il90b2tlbiI7czo0MDoiTEczTUFqb0xLWW01NUNKTWpIVTRwZlRnZ09qczFya3ZCNjd4ZGd1VCI7czo5OiJfc2YyX21ldGEiO2E6Mzp7czoxOiJ1IjtpOjE0MTI5MzMzNDY7czoxOiJjIjtpOjE0MTI5MzMzNDY7czoxOiJsIjtzOjE6IjAiO31zOjU6ImZsYXNoIjthOjI6e3M6Mzoib2xkIjthOjA6e31zOjM6Im5ldyI7YTowOnt9fX0=',1412933346),('bbb8e3055bad0f685edd0bcd428764be28d51ac9','YTo0OntzOjY6Il90b2tlbiI7czo0MDoiZGNmeVl6TXdoRmdiZmhRZ3VQZmtqeUowUEFTeElnWWVhc2FTdTR6ZiI7czozOiJ1cmwiO2E6MTp7czo4OiJpbnRlbmRlZCI7czoyODoiaHR0cDovLzE5Mi4xNjguMzMuMTAvcHJvZmlsZSI7fXM6OToiX3NmMl9tZXRhIjthOjM6e3M6MToidSI7aToxNDEyOTQ2MDE5O3M6MToiYyI7aToxNDEyOTQ2MDE5O3M6MToibCI7czoxOiIwIjt9czo1OiJmbGFzaCI7YToyOntzOjM6Im9sZCI7YTowOnt9czozOiJuZXciO2E6MDp7fX19',1412946019),('bd535e95a7c8eee734ec4bf3a506ebde6a6484c2','YTozOntzOjY6Il90b2tlbiI7czo0MDoic0QxMEx5VU43NU8xWTVMT0NkTWxJcDVlUlNrakpJUUU2RGNsejY3RyI7czo5OiJfc2YyX21ldGEiO2E6Mzp7czoxOiJ1IjtpOjE0MTI5MzU2MDA7czoxOiJjIjtpOjE0MTI5MzU2MDA7czoxOiJsIjtzOjE6IjAiO31zOjU6ImZsYXNoIjthOjI6e3M6Mzoib2xkIjthOjA6e31zOjM6Im5ldyI7YTowOnt9fX0=',1412935600),('bd771b4ebc649828a4cd2a45bde1b6f00223919b','YTo0OntzOjY6Il90b2tlbiI7czo0MDoiRnM5UDhwbjBwd3puVGgxMGdLVmZKcjdYcUZodnMzN2dCTTdPdUtacyI7czozODoibG9naW5fODJlNWQyYzU2YmRkMDgxMTMxOGYwY2YwNzhiNzhiZmMiO3M6MToiMSI7czo5OiJfc2YyX21ldGEiO2E6Mzp7czoxOiJ1IjtpOjE0MTI5NDU2NzU7czoxOiJjIjtpOjE0MTI5NDU2NzU7czoxOiJsIjtzOjE6IjAiO31zOjU6ImZsYXNoIjthOjI6e3M6Mzoib2xkIjthOjA6e31zOjM6Im5ldyI7YTowOnt9fX0=',1412945675),('be03b72985ce500c1dbb1e3ff0dfb7dd8e877ada','YTozOntzOjY6Il90b2tlbiI7czo0MDoiNENsNTdNa2lFeWtqQXhMQkdCcGxQSE5oamRJZ3NFdFR1b0o3dkJxUyI7czo5OiJfc2YyX21ldGEiO2E6Mzp7czoxOiJ1IjtpOjE0MTMxODgyMTQ7czoxOiJjIjtpOjE0MTMxODgyMTQ7czoxOiJsIjtzOjE6IjAiO31zOjU6ImZsYXNoIjthOjI6e3M6Mzoib2xkIjthOjA6e31zOjM6Im5ldyI7YTowOnt9fX0=',1413188214),('be710ba5a48c033879d690b38225d737ed9fb201','YTozOntzOjY6Il90b2tlbiI7czo0MDoiQThqaFl3bDl3Ynh1MmtLNFVoOXhtcXYzM25RdFA3WEx2cG9ZU3gwYiI7czo5OiJfc2YyX21ldGEiO2E6Mzp7czoxOiJ1IjtpOjE0MTI4NjIzMzA7czoxOiJjIjtpOjE0MTI4NjIzMzA7czoxOiJsIjtzOjE6IjAiO31zOjU6ImZsYXNoIjthOjI6e3M6Mzoib2xkIjthOjA6e31zOjM6Im5ldyI7YTowOnt9fX0=',1412862330),('bee085ec427ba9433f690f17a229b83aef57ac16','YTozOntzOjY6Il90b2tlbiI7czo0MDoiYUVFeUt3SHJpOHZMZXlzek9aNHZyZ2ppUEd6NGlLMkJ1bnhST1FXSyI7czo5OiJfc2YyX21ldGEiO2E6Mzp7czoxOiJ1IjtpOjE0MTMxOTM4NjE7czoxOiJjIjtpOjE0MTMxOTM4NjE7czoxOiJsIjtzOjE6IjAiO31zOjU6ImZsYXNoIjthOjI6e3M6Mzoib2xkIjthOjA6e31zOjM6Im5ldyI7YTowOnt9fX0=',1413193862),('bf16d37344a8a23cd12a3d946f8137ed67bffba1','YTozOntzOjY6Il90b2tlbiI7czo0MDoidnVGbEl4d3ROcDlIWDlJTFRaSUk1VmU0bmNOaVNzcjhHVGJJaTI5ZiI7czo5OiJfc2YyX21ldGEiO2E6Mzp7czoxOiJ1IjtpOjE0MTI5MzIwNjk7czoxOiJjIjtpOjE0MTI5MzIwNjk7czoxOiJsIjtzOjE6IjAiO31zOjU6ImZsYXNoIjthOjI6e3M6Mzoib2xkIjthOjA6e31zOjM6Im5ldyI7YTowOnt9fX0=',1412932070),('c08d079dac0045621ade1ba3a723a401ba1b5365','YTozOntzOjY6Il90b2tlbiI7czo0MDoid3FYeDRDcFh5dVpCcFlyVXJZODlGRHo3VmhpeUUwV05ERHhNRVpmWiI7czo5OiJfc2YyX21ldGEiO2E6Mzp7czoxOiJ1IjtpOjE0MTMxODc3NjE7czoxOiJjIjtpOjE0MTMxODc3NjE7czoxOiJsIjtzOjE6IjAiO31zOjU6ImZsYXNoIjthOjI6e3M6Mzoib2xkIjthOjA6e31zOjM6Im5ldyI7YTowOnt9fX0=',1413187761),('c107d51e8a2c2c822dff90e8b775af117b3a83d6','YTozOntzOjY6Il90b2tlbiI7czo0MDoiNTJSWVFRZDI0NnRpQ1lQbzRiMEpEbFI5WnI0ZUZ2UnpQT0hGMDlrbiI7czo5OiJfc2YyX21ldGEiO2E6Mzp7czoxOiJ1IjtpOjE0MTMyMDAyMzE7czoxOiJjIjtpOjE0MTMyMDAyMzE7czoxOiJsIjtzOjE6IjAiO31zOjU6ImZsYXNoIjthOjI6e3M6Mzoib2xkIjthOjA6e31zOjM6Im5ldyI7YTowOnt9fX0=',1413200231),('c119bf3bf7646de302f9a6f39d23cad75fad5ec1','YTozOntzOjY6Il90b2tlbiI7czo0MDoiV1VMano3aHd1cExDMWtwWGxzOVFUbDd1RUlmNmx3MnJqazdmWVZxZiI7czo5OiJfc2YyX21ldGEiO2E6Mzp7czoxOiJ1IjtpOjE0MTMxOTQzNjQ7czoxOiJjIjtpOjE0MTMxOTQzNjQ7czoxOiJsIjtzOjE6IjAiO31zOjU6ImZsYXNoIjthOjI6e3M6Mzoib2xkIjthOjA6e31zOjM6Im5ldyI7YTowOnt9fX0=',1413194364),('c14ffc2f3ec512c2bc3342ee4ea9395fc3a30761','YTozOntzOjY6Il90b2tlbiI7czo0MDoiYVBjZUhoWFE5Skt0WkgxcHNQZkJMTkNSSWpDSW03NGhlMVlkbjZCNSI7czo5OiJfc2YyX21ldGEiO2E6Mzp7czoxOiJ1IjtpOjE0MTI5MzE2ODk7czoxOiJjIjtpOjE0MTI5MzE2ODk7czoxOiJsIjtzOjE6IjAiO31zOjU6ImZsYXNoIjthOjI6e3M6Mzoib2xkIjthOjA6e31zOjM6Im5ldyI7YTowOnt9fX0=',1412931689),('c325b4f741af48c2a3169d88784ad25c5e4a7876','YTozOntzOjY6Il90b2tlbiI7czo0MDoiSzlhbnlxcW1wejRLSTNZZkNkblVieno0eDcyOE5KYzFvNTZ0VXRjeCI7czo5OiJfc2YyX21ldGEiO2E6Mzp7czoxOiJ1IjtpOjE0MTI5Mzc0MzI7czoxOiJjIjtpOjE0MTI5Mzc0MzI7czoxOiJsIjtzOjE6IjAiO31zOjU6ImZsYXNoIjthOjI6e3M6Mzoib2xkIjthOjA6e31zOjM6Im5ldyI7YTowOnt9fX0=',1412937433),('c3b593bcf985c519833b5ae26ea63abc2cb7adf7','YTozOntzOjY6Il90b2tlbiI7czo0MDoiVG1lbVRVc0NNbm9OcWxCd245MVRaYmcxSEdBZWRHZWtwc2tzbUhPViI7czo5OiJfc2YyX21ldGEiO2E6Mzp7czoxOiJ1IjtpOjE0MTMxODYzMjg7czoxOiJjIjtpOjE0MTMxODYzMjg7czoxOiJsIjtzOjE6IjAiO31zOjU6ImZsYXNoIjthOjI6e3M6Mzoib2xkIjthOjA6e31zOjM6Im5ldyI7YTowOnt9fX0=',1413186328),('c433a3391c0d771a3d48fb90c7dcb60b9bbe8e6d','YTozOntzOjY6Il90b2tlbiI7czo0MDoiOVBldmdua1RvUjBaakQxdHp2cmlDOTJDU3lVenhhcldiWVRzeEdaNyI7czo5OiJfc2YyX21ldGEiO2E6Mzp7czoxOiJ1IjtpOjE0MTMxODYwNTI7czoxOiJjIjtpOjE0MTMxODYwNTI7czoxOiJsIjtzOjE6IjAiO31zOjU6ImZsYXNoIjthOjI6e3M6Mzoib2xkIjthOjA6e31zOjM6Im5ldyI7YTowOnt9fX0=',1413186053),('c4cf89b4555b36864ba746cd73a56644ab5b82a8','YTozOntzOjY6Il90b2tlbiI7czo0MDoiam1zaWRNN0tRdmg5NThQV2RMYmJ5ekhpdzkweVZYcW0yV2RuaGZqOSI7czo5OiJfc2YyX21ldGEiO2E6Mzp7czoxOiJ1IjtpOjE0MTMxOTAxNzI7czoxOiJjIjtpOjE0MTMxOTAxNzI7czoxOiJsIjtzOjE6IjAiO31zOjU6ImZsYXNoIjthOjI6e3M6Mzoib2xkIjthOjA6e31zOjM6Im5ldyI7YTowOnt9fX0=',1413190172),('c508c36237c0dcfa82bd12960cf3b67e10a0a980','YTozOntzOjY6Il90b2tlbiI7czo0MDoiaGJyZmhaR01EbFlVTHI4UWc5c1cyd0UzQWhKdkNacXdrR0paajRJZSI7czo5OiJfc2YyX21ldGEiO2E6Mzp7czoxOiJ1IjtpOjE0MTMxOTM0ODc7czoxOiJjIjtpOjE0MTMxOTM0ODc7czoxOiJsIjtzOjE6IjAiO31zOjU6ImZsYXNoIjthOjI6e3M6Mzoib2xkIjthOjA6e31zOjM6Im5ldyI7YTowOnt9fX0=',1413193488),('c52ecdd93e9c31b56579f4268246099707ce2cd3','YTozOntzOjY6Il90b2tlbiI7czo0MDoiNjR3bE1paDc4VWNyUlYwdXlFSXpmWnljQU01RnY1SEduSmdGSVVFNCI7czo5OiJfc2YyX21ldGEiO2E6Mzp7czoxOiJ1IjtpOjE0MTI5MzE5Nzc7czoxOiJjIjtpOjE0MTI5MzE5Nzc7czoxOiJsIjtzOjE6IjAiO31zOjU6ImZsYXNoIjthOjI6e3M6Mzoib2xkIjthOjA6e31zOjM6Im5ldyI7YTowOnt9fX0=',1412931977),('c56ef58b2c1076b1da0e9bb5d731c8b1d2754722','YTozOntzOjY6Il90b2tlbiI7czo0MDoiaFhQMk15SnNBQ0lnZ1ltZDY2VWV1SUl3ZzhHckRveXF3UWtqcnZ2OCI7czo5OiJfc2YyX21ldGEiO2E6Mzp7czoxOiJ1IjtpOjE0MTI5NDU2NDY7czoxOiJjIjtpOjE0MTI5NDU2NDY7czoxOiJsIjtzOjE6IjAiO31zOjU6ImZsYXNoIjthOjI6e3M6Mzoib2xkIjthOjA6e31zOjM6Im5ldyI7YTowOnt9fX0=',1412945646),('c85796378f5fc9a468f82482e949d4bf927b26cd','YTozOntzOjY6Il90b2tlbiI7czo0MDoiZ21XWU1WbzZjTmp0bGU4VHNackFEdjV1c1pzS3VKOUdYblZEWVdzcyI7czo5OiJfc2YyX21ldGEiO2E6Mzp7czoxOiJ1IjtpOjE0MTI5MzI2MjU7czoxOiJjIjtpOjE0MTI5MzI2MjU7czoxOiJsIjtzOjE6IjAiO31zOjU6ImZsYXNoIjthOjI6e3M6Mzoib2xkIjthOjA6e31zOjM6Im5ldyI7YTowOnt9fX0=',1412932625),('c8a554381eddab69e8023172b7c8d00d3e7bfe86','YTozOntzOjY6Il90b2tlbiI7czo0MDoic2gxdTZXSDYxaWZDRFd0TG1mUHh1VTZwdXdPNzd3QkdKek90ZzVlWCI7czo5OiJfc2YyX21ldGEiO2E6Mzp7czoxOiJ1IjtpOjE0MTI5NTA4OTc7czoxOiJjIjtpOjE0MTI5NTA4OTc7czoxOiJsIjtzOjE6IjAiO31zOjU6ImZsYXNoIjthOjI6e3M6Mzoib2xkIjthOjA6e31zOjM6Im5ldyI7YTowOnt9fX0=',1412950898),('c920123c15be3453e9d6a0050da1034a4ee0371c','YTozOntzOjY6Il90b2tlbiI7czo0MDoicFE0N20xVjlEejZhU244Z1lYa2NObnFQTmdGdHpySHhpWDVOTGs4dyI7czo5OiJfc2YyX21ldGEiO2E6Mzp7czoxOiJ1IjtpOjE0MTMyMTI4MTY7czoxOiJjIjtpOjE0MTMyMTI4MTY7czoxOiJsIjtzOjE6IjAiO31zOjU6ImZsYXNoIjthOjI6e3M6Mzoib2xkIjthOjA6e31zOjM6Im5ldyI7YTowOnt9fX0=',1413212816),('c92d2badffa2ef89dd84ca5ddde797d3dd7ef7f8','YTozOntzOjY6Il90b2tlbiI7czo0MDoiS1ZsQ0tjYnNYek5JbTdXYWZ3ZWgzT1ZybnhZaUZaendwdkQ1dWd1MSI7czo5OiJfc2YyX21ldGEiO2E6Mzp7czoxOiJ1IjtpOjE0MTMxODYxMzc7czoxOiJjIjtpOjE0MTMxODYxMzc7czoxOiJsIjtzOjE6IjAiO31zOjU6ImZsYXNoIjthOjI6e3M6Mzoib2xkIjthOjA6e31zOjM6Im5ldyI7YTowOnt9fX0=',1413186137),('c933b830024742f5579e7103d04bb5e199a0d96b','YTozOntzOjY6Il90b2tlbiI7czo0MDoibDE1YldyYTZ6VmtIdk5OcVFibll5SzNjTlBWb0c4NVJCbzZuamxBRyI7czo5OiJfc2YyX21ldGEiO2E6Mzp7czoxOiJ1IjtpOjE0MTMxOTQ0Mzk7czoxOiJjIjtpOjE0MTMxOTQ0Mzk7czoxOiJsIjtzOjE6IjAiO31zOjU6ImZsYXNoIjthOjI6e3M6Mzoib2xkIjthOjA6e31zOjM6Im5ldyI7YTowOnt9fX0=',1413194439),('caca4da7262f65248904fa2fc287e3f458639922','YTozOntzOjY6Il90b2tlbiI7czo0MDoiU0xTNjZyQ1BjTHFnSmFPVGVkTFl1R2N2STVhdzZidmlubVJRdHJ0MSI7czo5OiJfc2YyX21ldGEiO2E6Mzp7czoxOiJ1IjtpOjE0MTI5MzMyMTE7czoxOiJjIjtpOjE0MTI5MzMyMTE7czoxOiJsIjtzOjE6IjAiO31zOjU6ImZsYXNoIjthOjI6e3M6Mzoib2xkIjthOjA6e31zOjM6Im5ldyI7YTowOnt9fX0=',1412933211),('caf2b50673dc4e4d0806156a61ad7b1c4ab9a92a','YTozOntzOjY6Il90b2tlbiI7czo0MDoiTXE4OWFXQ1duaVhaNFJtWTFlamlaYWlTd1FQUE96VTUxRU1FeHpXOCI7czo5OiJfc2YyX21ldGEiO2E6Mzp7czoxOiJ1IjtpOjE0MTI5MzUzODE7czoxOiJjIjtpOjE0MTI5MzUzODE7czoxOiJsIjtzOjE6IjAiO31zOjU6ImZsYXNoIjthOjI6e3M6Mzoib2xkIjthOjA6e31zOjM6Im5ldyI7YTowOnt9fX0=',1412935381),('cb8238c88be767abb0167370cd6921656b159ea6','YTozOntzOjY6Il90b2tlbiI7czo0MDoicWVUN2JFUjN0bll5U0VFQ2Y0SGlFeUx3N1JDdjNMS0NzVWVjQm9TVyI7czo5OiJfc2YyX21ldGEiO2E6Mzp7czoxOiJ1IjtpOjE0MTI4NjIxMTU7czoxOiJjIjtpOjE0MTI4NjIxMTU7czoxOiJsIjtzOjE6IjAiO31zOjU6ImZsYXNoIjthOjI6e3M6Mzoib2xkIjthOjA6e31zOjM6Im5ldyI7YTowOnt9fX0=',1412862115),('cbd5ddd5090cf4c79d6741a7dc61e3fbda1c7ed6','YTozOntzOjY6Il90b2tlbiI7czo0MDoicFQ5V0hvcmJTb1Fld01MclJtNDQ2Rm5UNDVxSENZZFNxd3FleVRUNCI7czo5OiJfc2YyX21ldGEiO2E6Mzp7czoxOiJ1IjtpOjE0MTMxOTA1Mjc7czoxOiJjIjtpOjE0MTMxOTA1Mjc7czoxOiJsIjtzOjE6IjAiO31zOjU6ImZsYXNoIjthOjI6e3M6Mzoib2xkIjthOjA6e31zOjM6Im5ldyI7YTowOnt9fX0=',1413190527),('cd6bd56f26db80adee39724ed9dc4e2e2325cb07','YTozOntzOjY6Il90b2tlbiI7czo0MDoiODZITk5OcHl0bHVvb2lPcDBwMlB3ckdWTzJCYmxtcmpDdEZId09sZiI7czo5OiJfc2YyX21ldGEiO2E6Mzp7czoxOiJ1IjtpOjE0MTMxODYyMTc7czoxOiJjIjtpOjE0MTMxODYyMTc7czoxOiJsIjtzOjE6IjAiO31zOjU6ImZsYXNoIjthOjI6e3M6Mzoib2xkIjthOjA6e31zOjM6Im5ldyI7YTowOnt9fX0=',1413186217),('ce0a535fbd69cb4992f13b0b14a4fb3dac3ad7a8','YTo0OntzOjY6Il90b2tlbiI7czo0MDoia3pxMzZQekxZQm1YREoyamlkRDg2MTBuUnR4SktsTEZPWlJsR1NJSyI7czozODoibG9naW5fODJlNWQyYzU2YmRkMDgxMTMxOGYwY2YwNzhiNzhiZmMiO047czo5OiJfc2YyX21ldGEiO2E6Mzp7czoxOiJ1IjtpOjE0MTI5NDU2NTA7czoxOiJjIjtpOjE0MTI5NDU2NTA7czoxOiJsIjtzOjE6IjAiO31zOjU6ImZsYXNoIjthOjI6e3M6Mzoib2xkIjthOjA6e31zOjM6Im5ldyI7YTowOnt9fX0=',1412945650),('ce507669a9e7ab04d8bcb1bacd27c48bb44e6818','YTozOntzOjY6Il90b2tlbiI7czo0MDoiYVNJdHduc3FaTkgyZU1rSlY0YWZmaFBGRFhUbkZKbDluMFZkQkplbyI7czo5OiJfc2YyX21ldGEiO2E6Mzp7czoxOiJ1IjtpOjE0MTI5MzIxNDE7czoxOiJjIjtpOjE0MTI5MzIxNDE7czoxOiJsIjtzOjE6IjAiO31zOjU6ImZsYXNoIjthOjI6e3M6Mzoib2xkIjthOjA6e31zOjM6Im5ldyI7YTowOnt9fX0=',1412932142),('cf524a99117c526f2bfaeae15d986a2fd58f65fb','YTozOntzOjY6Il90b2tlbiI7czo0MDoidVFQMWVyc0dDQ3RRVE53WDNpaTA1ZklSYnc5RDIwbWxIT1BDM01BRCI7czo5OiJfc2YyX21ldGEiO2E6Mzp7czoxOiJ1IjtpOjE0MTI5NDA5MzY7czoxOiJjIjtpOjE0MTI5NDA5MzY7czoxOiJsIjtzOjE6IjAiO31zOjU6ImZsYXNoIjthOjI6e3M6Mzoib2xkIjthOjA6e31zOjM6Im5ldyI7YTowOnt9fX0=',1412940936),('cf7fd2c8aad327e66b837bafaded49325b7c0aa9','YTozOntzOjY6Il90b2tlbiI7czo0MDoiUjN0RGZKRUNlQTNHMEdxRlV5aHM5V25qdXZ6Y0NJVXdYcGZLZXRDVSI7czo5OiJfc2YyX21ldGEiO2E6Mzp7czoxOiJ1IjtpOjE0MTI5MzQyNjc7czoxOiJjIjtpOjE0MTI5MzQyNjc7czoxOiJsIjtzOjE6IjAiO31zOjU6ImZsYXNoIjthOjI6e3M6Mzoib2xkIjthOjA6e31zOjM6Im5ldyI7YTowOnt9fX0=',1412934268),('d24dc6ff590450f00c409f90e23fe51b59adfc54','YTozOntzOjY6Il90b2tlbiI7czo0MDoiS1lDc3lCVTJyMUxMdmE3Ulp0eDV2Ujg5UFh0d2Y4VzJIcmVzZmhKbCI7czo5OiJfc2YyX21ldGEiO2E6Mzp7czoxOiJ1IjtpOjE0MTMxODY3MDc7czoxOiJjIjtpOjE0MTMxODY3MDc7czoxOiJsIjtzOjE6IjAiO31zOjU6ImZsYXNoIjthOjI6e3M6Mzoib2xkIjthOjA6e31zOjM6Im5ldyI7YTowOnt9fX0=',1413186707),('d2b9c78d3b2a202765355e916387ae5bc0a2afa2','YTozOntzOjY6Il90b2tlbiI7czo0MDoiOU5QUTdvMGF0WlpQUkJvTHZsMFFCOHJLRTRjempCYjRSckkwRVhPQSI7czo5OiJfc2YyX21ldGEiO2E6Mzp7czoxOiJ1IjtpOjE0MTI5NDA4MzU7czoxOiJjIjtpOjE0MTI5NDA4MzU7czoxOiJsIjtzOjE6IjAiO31zOjU6ImZsYXNoIjthOjI6e3M6Mzoib2xkIjthOjA6e31zOjM6Im5ldyI7YTowOnt9fX0=',1412940836),('d30bbdea440482f7121eb84e53dc8d65d33975a2','YTozOntzOjY6Il90b2tlbiI7czo0MDoiZUlKbXR1VzlpMEtGNmNQM3M0RnhiSFJ5Ykpmbndybk9XM1FpNFpqTiI7czo5OiJfc2YyX21ldGEiO2E6Mzp7czoxOiJ1IjtpOjE0MTI5MzMxNzM7czoxOiJjIjtpOjE0MTI5MzMxNzM7czoxOiJsIjtzOjE6IjAiO31zOjU6ImZsYXNoIjthOjI6e3M6Mzoib2xkIjthOjA6e31zOjM6Im5ldyI7YTowOnt9fX0=',1412933173),('d368c8ec268164a4ba3435ee7af8a741e9aed831','YTozOntzOjY6Il90b2tlbiI7czo0MDoidHVYMHlkOGxSVlVoNFE2SU1KZWJlT3VsbnhVNnF5YU1sbUpqY05nTyI7czo5OiJfc2YyX21ldGEiO2E6Mzp7czoxOiJ1IjtpOjE0MTI5NTI4MjA7czoxOiJjIjtpOjE0MTI5NTI4MjA7czoxOiJsIjtzOjE6IjAiO31zOjU6ImZsYXNoIjthOjI6e3M6Mzoib2xkIjthOjA6e31zOjM6Im5ldyI7YTowOnt9fX0=',1412952820),('d430c96c27591b66e87db788de1d38795fd1df8d','YTozOntzOjY6Il90b2tlbiI7czo0MDoiS3k2b0FlS3NMcE8zV0tyTWtOTjl1T3dxMmRyYmtvUml1aGMxQlN2RSI7czo5OiJfc2YyX21ldGEiO2E6Mzp7czoxOiJ1IjtpOjE0MTI5MzE3MTU7czoxOiJjIjtpOjE0MTI5MzE3MTU7czoxOiJsIjtzOjE6IjAiO31zOjU6ImZsYXNoIjthOjI6e3M6Mzoib2xkIjthOjA6e31zOjM6Im5ldyI7YTowOnt9fX0=',1412931716),('d4bc506c137502f6cdfeabd47abd76c7ebdfa456','YTozOntzOjY6Il90b2tlbiI7czo0MDoic2FaR3htUmVyY2pIUVdJbXhuaFY3WGo0Sldxd2M2QW1idU1ETVliNiI7czo5OiJfc2YyX21ldGEiO2E6Mzp7czoxOiJ1IjtpOjE0MTMyMTYyNzc7czoxOiJjIjtpOjE0MTMyMTYyNzc7czoxOiJsIjtzOjE6IjAiO31zOjU6ImZsYXNoIjthOjI6e3M6Mzoib2xkIjthOjA6e31zOjM6Im5ldyI7YTowOnt9fX0=',1413216277),('d4d932dc3e2cb734852f3da87d1638b4e905397c','YTo1OntzOjY6Il90b2tlbiI7czo0MDoicGg4NVZ4c0lBRUhLSHhrbGhwRnd2SWpPakNWTFJ6MElCbHV3T2xJcyI7czo1OiJmbGFzaCI7YToyOntzOjM6Im9sZCI7YTowOnt9czozOiJuZXciO2E6MDp7fX1zOjM4OiJsb2dpbl84MmU1ZDJjNTZiZGQwODExMzE4ZjBjZjA3OGI3OGJmYyI7czoxOiI2IjtzOjM6InVybCI7YToxOntzOjg6ImludGVuZGVkIjtzOjI4OiJodHRwOi8vMTkyLjE2OC4zMy4xMC9wcm9maWxlIjt9czo5OiJfc2YyX21ldGEiO2E6Mzp7czoxOiJ1IjtpOjE0MTMyMDM3OTE7czoxOiJjIjtpOjE0MTI5NDYxNTM7czoxOiJsIjtzOjE6IjAiO319',1413203791),('d63bd73fae6a824fb91b1dfe77b0fcc6a89e5d08','YTozOntzOjY6Il90b2tlbiI7czo0MDoiNXA2UzZ5SVJMbmV1akNNcTVHNU1WelJCbkdEMlExREdkbGd2YklHbiI7czo5OiJfc2YyX21ldGEiO2E6Mzp7czoxOiJ1IjtpOjE0MTMyMDY5MTE7czoxOiJjIjtpOjE0MTMyMDY5MTE7czoxOiJsIjtzOjE6IjAiO31zOjU6ImZsYXNoIjthOjI6e3M6Mzoib2xkIjthOjA6e31zOjM6Im5ldyI7YTowOnt9fX0=',1413206911),('d75923885165f807770014066dac4f12f1bc993b','YTozOntzOjY6Il90b2tlbiI7czo0MDoiWVVTV3RsYVp5eURCTnZUOE8zTXNxcnBKbEVFZjRidTVIcHJjRjRuTyI7czo5OiJfc2YyX21ldGEiO2E6Mzp7czoxOiJ1IjtpOjE0MTI5NDU5MDY7czoxOiJjIjtpOjE0MTI5NDU5MDY7czoxOiJsIjtzOjE6IjAiO31zOjU6ImZsYXNoIjthOjI6e3M6Mzoib2xkIjthOjA6e31zOjM6Im5ldyI7YTowOnt9fX0=',1412945906),('d8310aa4ef651fc5a66c234e5a9afb7e0f25bc8f','YTozOntzOjY6Il90b2tlbiI7czo0MDoiTUtlREl4aFZaOWJtWkladWVMQ3lwSGd1SVJsTlZUQnpXZkQ1Q1hUcyI7czo5OiJfc2YyX21ldGEiO2E6Mzp7czoxOiJ1IjtpOjE0MTI5Mzc2MzQ7czoxOiJjIjtpOjE0MTI5Mzc2MzQ7czoxOiJsIjtzOjE6IjAiO31zOjU6ImZsYXNoIjthOjI6e3M6Mzoib2xkIjthOjA6e31zOjM6Im5ldyI7YTowOnt9fX0=',1412937634),('da76d8c0a3ee92129ff08a2fd15fb36dbfaf30fd','YTozOntzOjY6Il90b2tlbiI7czo0MDoicDhCVTc0V2oxTXIybmE4endaSWJCbkpTTVJLQVpuZ0pONm5yc1JraCI7czo5OiJfc2YyX21ldGEiO2E6Mzp7czoxOiJ1IjtpOjE0MTMxOTQyMjk7czoxOiJjIjtpOjE0MTMxOTQyMjk7czoxOiJsIjtzOjE6IjAiO31zOjU6ImZsYXNoIjthOjI6e3M6Mzoib2xkIjthOjA6e31zOjM6Im5ldyI7YTowOnt9fX0=',1413194229),('db45252f21bd431f923660e40fab67fd08c5d302','YTozOntzOjY6Il90b2tlbiI7czo0MDoia2NENXFwUmNOWVVBM2tiTUFUU21WTUVVNElWTEtBeTVxdFZ2MVNKYSI7czo5OiJfc2YyX21ldGEiO2E6Mzp7czoxOiJ1IjtpOjE0MTMxODYwMjI7czoxOiJjIjtpOjE0MTMxODYwMjI7czoxOiJsIjtzOjE6IjAiO31zOjU6ImZsYXNoIjthOjI6e3M6Mzoib2xkIjthOjA6e31zOjM6Im5ldyI7YTowOnt9fX0=',1413186023),('db4d521de4287c1f4199cf93531a7e67558eaffb','YTozOntzOjY6Il90b2tlbiI7czo0MDoieXRVeVBZeHp6dU5LNm41ZWl1ZlRwMHVBb3h3d3hLeng5VTR3aUIxTiI7czo5OiJfc2YyX21ldGEiO2E6Mzp7czoxOiJ1IjtpOjE0MTI5NDA5NTY7czoxOiJjIjtpOjE0MTI5NDA5NTY7czoxOiJsIjtzOjE6IjAiO31zOjU6ImZsYXNoIjthOjI6e3M6Mzoib2xkIjthOjA6e31zOjM6Im5ldyI7YTowOnt9fX0=',1412940956),('dc89c2508364b454a7e33f85bed5762c216c3a04','YTozOntzOjY6Il90b2tlbiI7czo0MDoiRTVWRXlJdUszRlg2cndyM0l1QnA1dkhOTGhMaVNMNjhjejNZYnIxQyI7czo5OiJfc2YyX21ldGEiO2E6Mzp7czoxOiJ1IjtpOjE0MTI5NTMxNTc7czoxOiJjIjtpOjE0MTI5NTMxNTc7czoxOiJsIjtzOjE6IjAiO31zOjU6ImZsYXNoIjthOjI6e3M6Mzoib2xkIjthOjA6e31zOjM6Im5ldyI7YTowOnt9fX0=',1412953157),('dda8fada8b7c42335cd1741d784dedcb282fcce9','YTozOntzOjY6Il90b2tlbiI7czo0MDoid0pTbmZVeDA2MEdiN3dRckVsMmV1RFN0RzJqSXdLdzRROWFqczBtSCI7czo5OiJfc2YyX21ldGEiO2E6Mzp7czoxOiJ1IjtpOjE0MTI5MzUzMDg7czoxOiJjIjtpOjE0MTI5MzUzMDg7czoxOiJsIjtzOjE6IjAiO31zOjU6ImZsYXNoIjthOjI6e3M6Mzoib2xkIjthOjA6e31zOjM6Im5ldyI7YTowOnt9fX0=',1412935308),('ddd2bbf4d2a3023029845f40b8764fd3437eddb1','YTozOntzOjY6Il90b2tlbiI7czo0MDoiSW9GTm9CNzBmTzk3aWJJTWd4Nm45RTZuMFpkdzI5NXc2UGdrdDNkVyI7czo5OiJfc2YyX21ldGEiO2E6Mzp7czoxOiJ1IjtpOjE0MTI5MzIxODQ7czoxOiJjIjtpOjE0MTI5MzIxODQ7czoxOiJsIjtzOjE6IjAiO31zOjU6ImZsYXNoIjthOjI6e3M6Mzoib2xkIjthOjA6e31zOjM6Im5ldyI7YTowOnt9fX0=',1412932185),('df673a0b7c359f597195f6e1c09d86ca98c690b6','YTozOntzOjY6Il90b2tlbiI7czo0MDoiM0p6MlVwd3dJRjBuWjl3bzZDYjVQMTRwYjJBV3dlZkRKUUVjdE12SSI7czo5OiJfc2YyX21ldGEiO2E6Mzp7czoxOiJ1IjtpOjE0MTMxOTUwNjI7czoxOiJjIjtpOjE0MTMxOTUwNjI7czoxOiJsIjtzOjE6IjAiO31zOjU6ImZsYXNoIjthOjI6e3M6Mzoib2xkIjthOjA6e31zOjM6Im5ldyI7YTowOnt9fX0=',1413195062),('e0dddc9b8ff1ff5709f6656acff0e72a6074660d','YTozOntzOjY6Il90b2tlbiI7czo0MDoiS3FidlNSYkpUUE8zNXNkQXVsU1c5N0ZNakdsTkdubTlRemVaNUZhSCI7czo5OiJfc2YyX21ldGEiO2E6Mzp7czoxOiJ1IjtpOjE0MTI5MzUzMTU7czoxOiJjIjtpOjE0MTI5MzUzMTU7czoxOiJsIjtzOjE6IjAiO31zOjU6ImZsYXNoIjthOjI6e3M6Mzoib2xkIjthOjA6e31zOjM6Im5ldyI7YTowOnt9fX0=',1412935316),('e0df17908fe8b679fcea77021be12568c34d0a64','YTozOntzOjY6Il90b2tlbiI7czo0MDoidUhqOFVOSEhFTjlSTkVseVU4bDBESk9DcncyaDB5V2Ywa2RjdlV2VCI7czo5OiJfc2YyX21ldGEiO2E6Mzp7czoxOiJ1IjtpOjE0MTI5NDA2MTY7czoxOiJjIjtpOjE0MTI5NDA2MTY7czoxOiJsIjtzOjE6IjAiO31zOjU6ImZsYXNoIjthOjI6e3M6Mzoib2xkIjthOjA6e31zOjM6Im5ldyI7YTowOnt9fX0=',1412940617),('e190bc6baa5c28542fab32b6eb5118860cee55bc','YTozOntzOjY6Il90b2tlbiI7czo0MDoiczE4WjRVRlFoWnpmenAzMmlVbUZ3U29semoxZXFkcm05akthdkhqOCI7czo5OiJfc2YyX21ldGEiO2E6Mzp7czoxOiJ1IjtpOjE0MTMxODkyNjk7czoxOiJjIjtpOjE0MTMxODkyNjk7czoxOiJsIjtzOjE6IjAiO31zOjU6ImZsYXNoIjthOjI6e3M6Mzoib2xkIjthOjA6e31zOjM6Im5ldyI7YTowOnt9fX0=',1413189269),('e25390c736659b1c0dc888aaa5e0dd0f2ae07b42','YTozOntzOjY6Il90b2tlbiI7czo0MDoiU1VRU2hxMVJ2STJGck5DWUFzT0gwdElzeXZ5aFVUNHdqSW55RHB6aCI7czo5OiJfc2YyX21ldGEiO2E6Mzp7czoxOiJ1IjtpOjE0MTMyMDY4MDc7czoxOiJjIjtpOjE0MTMyMDY4MDc7czoxOiJsIjtzOjE6IjAiO31zOjU6ImZsYXNoIjthOjI6e3M6Mzoib2xkIjthOjA6e31zOjM6Im5ldyI7YTowOnt9fX0=',1413206807),('e426501110ded44930c29d341b2a7ebdcd31ca2c','YTozOntzOjY6Il90b2tlbiI7czo0MDoiclJ4SzVFa3VZR1F0cTFrcVV2TXdvc0Zpb205OTRmenJNTGN6VDU5WSI7czo5OiJfc2YyX21ldGEiO2E6Mzp7czoxOiJ1IjtpOjE0MTI5MzE3NjQ7czoxOiJjIjtpOjE0MTI5MzE3NjQ7czoxOiJsIjtzOjE6IjAiO31zOjU6ImZsYXNoIjthOjI6e3M6Mzoib2xkIjthOjA6e31zOjM6Im5ldyI7YTowOnt9fX0=',1412931764),('e49f3687bd6071b664b98e750b8b72def7da965e','YTozOntzOjY6Il90b2tlbiI7czo0MDoiaVJ0TVlJWEh0aEhrbFJMQUlEN0x5NVdDVGVGSDJySnFNeFIxb1JqZCI7czo5OiJfc2YyX21ldGEiO2E6Mzp7czoxOiJ1IjtpOjE0MTMxOTcxMTU7czoxOiJjIjtpOjE0MTMxOTcxMTU7czoxOiJsIjtzOjE6IjAiO31zOjU6ImZsYXNoIjthOjI6e3M6Mzoib2xkIjthOjA6e31zOjM6Im5ldyI7YTowOnt9fX0=',1413197116),('e5766bcf0e6b0dd1449b4b7bbfeb3c10b4194766','YTozOntzOjY6Il90b2tlbiI7czo0MDoieEJCR0NMZEU2Z1VMWXNHRllvQkhPYVBvOVNQRHU5MmMyU2w4WXNSUyI7czo5OiJfc2YyX21ldGEiO2E6Mzp7czoxOiJ1IjtpOjE0MTI5NDEzOTk7czoxOiJjIjtpOjE0MTI5NDEzOTk7czoxOiJsIjtzOjE6IjAiO31zOjU6ImZsYXNoIjthOjI6e3M6Mzoib2xkIjthOjA6e31zOjM6Im5ldyI7YTowOnt9fX0=',1412941400),('e5d089ea97e4aac087a12914f0fcce3a676382f6','YTozOntzOjY6Il90b2tlbiI7czo0MDoiRzdIazZLRHlKcGwwbEp6ZENIZG95MnBwMzcxOGFjQXd1OGZxTHpEUiI7czo5OiJfc2YyX21ldGEiO2E6Mzp7czoxOiJ1IjtpOjE0MTMxODkxNjM7czoxOiJjIjtpOjE0MTMxODkxNjM7czoxOiJsIjtzOjE6IjAiO31zOjU6ImZsYXNoIjthOjI6e3M6Mzoib2xkIjthOjA6e31zOjM6Im5ldyI7YTowOnt9fX0=',1413189164),('e939fe71f99b746b6ad9c74d13fa4217e7202e7e','YTozOntzOjY6Il90b2tlbiI7czo0MDoiU2tsdWZicDd3aFJTaTJZcUM4OEMzQXJLbjRrb1daZjVaT05kRGgweCI7czo5OiJfc2YyX21ldGEiO2E6Mzp7czoxOiJ1IjtpOjE0MTI5Mzk3OTQ7czoxOiJjIjtpOjE0MTI5Mzk3OTQ7czoxOiJsIjtzOjE6IjAiO31zOjU6ImZsYXNoIjthOjI6e3M6Mzoib2xkIjthOjA6e31zOjM6Im5ldyI7YTowOnt9fX0=',1412939794),('eb6b3ca182e8f00b906d493995652b0a637cc556','YTozOntzOjY6Il90b2tlbiI7czo0MDoiWTdGQ3lRWGZoZWRtWWFqSmdnQWpLcDlrQVBQa0ZiOVVKUkJGNGN0ZSI7czo5OiJfc2YyX21ldGEiO2E6Mzp7czoxOiJ1IjtpOjE0MTI5NDA3NjQ7czoxOiJjIjtpOjE0MTI5NDA3NjQ7czoxOiJsIjtzOjE6IjAiO31zOjU6ImZsYXNoIjthOjI6e3M6Mzoib2xkIjthOjA6e31zOjM6Im5ldyI7YTowOnt9fX0=',1412940765),('ed97e50c6b83b9a87c54098158e0f6602cc11c3a','YTozOntzOjY6Il90b2tlbiI7czo0MDoicjA4b0Q1M2dBTWNIeE45MU9RV3BQYnJXUVZoRGhVdEFuWjV2dTVRMiI7czo5OiJfc2YyX21ldGEiO2E6Mzp7czoxOiJ1IjtpOjE0MTI5MzUyODk7czoxOiJjIjtpOjE0MTI5MzUyODk7czoxOiJsIjtzOjE6IjAiO31zOjU6ImZsYXNoIjthOjI6e3M6Mzoib2xkIjthOjA6e31zOjM6Im5ldyI7YTowOnt9fX0=',1412935289),('ee8f287ea320cee7101219ce98a97699e0ac6bd6','YTozOntzOjY6Il90b2tlbiI7czo0MDoieUt3U05JZW1EdmxxbkhVV3pBdUZUMHAxQ2lMTmhURHJheVFjQWNUcSI7czo5OiJfc2YyX21ldGEiO2E6Mzp7czoxOiJ1IjtpOjE0MTMxODYyNjQ7czoxOiJjIjtpOjE0MTMxODYyNjQ7czoxOiJsIjtzOjE6IjAiO31zOjU6ImZsYXNoIjthOjI6e3M6Mzoib2xkIjthOjA6e31zOjM6Im5ldyI7YTowOnt9fX0=',1413186265),('eea9fcea3f52fa5059cd785183751548c06c9f2a','YTozOntzOjY6Il90b2tlbiI7czo0MDoiREpCWkpOb2NwaHNhNU8xd2Z3VEhERUpvNUtGdmdiZU9QOHJ3Y2hoRCI7czo5OiJfc2YyX21ldGEiO2E6Mzp7czoxOiJ1IjtpOjE0MTMxODU2Njk7czoxOiJjIjtpOjE0MTMxODU2Njk7czoxOiJsIjtzOjE6IjAiO31zOjU6ImZsYXNoIjthOjI6e3M6Mzoib2xkIjthOjA6e31zOjM6Im5ldyI7YTowOnt9fX0=',1413185670),('eeb21296cecfa2ac1bb38b5e5a141765a2b98b56','YTozOntzOjY6Il90b2tlbiI7czo0MDoibndOTmg3Wk83elRPcTRrOW9rSFNuZ1M5Q2xkTWgycngzM0g0NXJ0ZSI7czo5OiJfc2YyX21ldGEiO2E6Mzp7czoxOiJ1IjtpOjE0MTMxODkxMDE7czoxOiJjIjtpOjE0MTMxODkxMDE7czoxOiJsIjtzOjE6IjAiO31zOjU6ImZsYXNoIjthOjI6e3M6Mzoib2xkIjthOjA6e31zOjM6Im5ldyI7YTowOnt9fX0=',1413189101),('ef25538c04cfce052b63a9a5020c0447da24d7e1','YTozOntzOjY6Il90b2tlbiI7czo0MDoiVWYxdHNYQjViRm5IeG5pNGpyV2N2WnJQR2piN2NMU09wdWxZYVY4aSI7czo5OiJfc2YyX21ldGEiO2E6Mzp7czoxOiJ1IjtpOjE0MTMyMTI2NjU7czoxOiJjIjtpOjE0MTMyMTI2NjU7czoxOiJsIjtzOjE6IjAiO31zOjU6ImZsYXNoIjthOjI6e3M6Mzoib2xkIjthOjA6e31zOjM6Im5ldyI7YTowOnt9fX0=',1413212665),('f0f35293a0989436262555411801858651dd85ba','YTozOntzOjY6Il90b2tlbiI7czo0MDoicUZ2WloyMDVPdFB1NE5qcnNldnVBUVRLdlFGMmpvUFNvRExrUUg0MSI7czo5OiJfc2YyX21ldGEiO2E6Mzp7czoxOiJ1IjtpOjE0MTMxODgwMTM7czoxOiJjIjtpOjE0MTMxODgwMTM7czoxOiJsIjtzOjE6IjAiO31zOjU6ImZsYXNoIjthOjI6e3M6Mzoib2xkIjthOjA6e31zOjM6Im5ldyI7YTowOnt9fX0=',1413188014),('f11dc2f14975b8ba1a89efb5204b7e3ad5d72903','YTozOntzOjY6Il90b2tlbiI7czo0MDoiczRPT0pHeU0zUGJhNFhqQVVGWWxjMGdkdGdnUTNBamNtT2Mycm1TUCI7czo5OiJfc2YyX21ldGEiO2E6Mzp7czoxOiJ1IjtpOjE0MTI5MzUzMDM7czoxOiJjIjtpOjE0MTI5MzUzMDM7czoxOiJsIjtzOjE6IjAiO31zOjU6ImZsYXNoIjthOjI6e3M6Mzoib2xkIjthOjA6e31zOjM6Im5ldyI7YTowOnt9fX0=',1412935303),('f2895278dbf4dd710af1d152d135ecf793c53fef','YTozOntzOjY6Il90b2tlbiI7czo0MDoia0lHRXp6MG1sYXBtdU1ma1J2Y2s0eDN0UW91MGJXVlNSVE1pV2VnWCI7czo5OiJfc2YyX21ldGEiO2E6Mzp7czoxOiJ1IjtpOjE0MTI5NDA5MDQ7czoxOiJjIjtpOjE0MTI5NDA5MDQ7czoxOiJsIjtzOjE6IjAiO31zOjU6ImZsYXNoIjthOjI6e3M6Mzoib2xkIjthOjA6e31zOjM6Im5ldyI7YTowOnt9fX0=',1412940905),('f2bffbacd410df4a6e728d30c15aa15941e09a72','YTozOntzOjY6Il90b2tlbiI7czo0MDoiakpwY1BMN2NZcFNmYXB4M0V1cUVHdHl4bjJWUU1jTVFuNzJ4OHJzaiI7czo5OiJfc2YyX21ldGEiO2E6Mzp7czoxOiJ1IjtpOjE0MTMxOTM0NDU7czoxOiJjIjtpOjE0MTMxOTM0NDU7czoxOiJsIjtzOjE6IjAiO31zOjU6ImZsYXNoIjthOjI6e3M6Mzoib2xkIjthOjA6e31zOjM6Im5ldyI7YTowOnt9fX0=',1413193446),('f2d1526941d555137ed7442b26e623a4ac60d351','YTozOntzOjY6Il90b2tlbiI7czo0MDoidGVpUFprbXlLelQ3NTJFT0NCNGRGZUowY1NWb0lnaGdnQldiZzVXVCI7czo5OiJfc2YyX21ldGEiO2E6Mzp7czoxOiJ1IjtpOjE0MTMxODU4NTM7czoxOiJjIjtpOjE0MTMxODU4NTM7czoxOiJsIjtzOjE6IjAiO31zOjU6ImZsYXNoIjthOjI6e3M6Mzoib2xkIjthOjA6e31zOjM6Im5ldyI7YTowOnt9fX0=',1413185854),('f31a794e85bac89a7d866fd1989562d9cfd3a17c','YTozOntzOjY6Il90b2tlbiI7czo0MDoiNDQyNG03RUhqNklMYlNwa2k1QTFGRzZmZzlpVWx6c1YzaWFtVktmNyI7czo5OiJfc2YyX21ldGEiO2E6Mzp7czoxOiJ1IjtpOjE0MTI5NDU3MDA7czoxOiJjIjtpOjE0MTI5NDU3MDA7czoxOiJsIjtzOjE6IjAiO31zOjU6ImZsYXNoIjthOjI6e3M6Mzoib2xkIjthOjA6e31zOjM6Im5ldyI7YTowOnt9fX0=',1412945700),('f453ea34d061f0a1db627ddbbb7c5abe1674ee1f','YTozOntzOjY6Il90b2tlbiI7czo0MDoibzB0S0lacnR5MWpoTGdJeUZDSDUzaTI1OXlQVkJFOEFkZG9wd2xscyI7czo5OiJfc2YyX21ldGEiO2E6Mzp7czoxOiJ1IjtpOjE0MTI5MzIzOTk7czoxOiJjIjtpOjE0MTI5MzIzOTk7czoxOiJsIjtzOjE6IjAiO31zOjU6ImZsYXNoIjthOjI6e3M6Mzoib2xkIjthOjA6e31zOjM6Im5ldyI7YTowOnt9fX0=',1412932399),('f54fb479581cd91c7651786230fecd00bd505627','YTozOntzOjY6Il90b2tlbiI7czo0MDoiN0phSGFzTTVVYW8zZG44RzY1VW05c1RWY3duQ1RxWjJna1pacFpYSyI7czo5OiJfc2YyX21ldGEiO2E6Mzp7czoxOiJ1IjtpOjE0MTMxOTUwMjc7czoxOiJjIjtpOjE0MTMxOTUwMjc7czoxOiJsIjtzOjE6IjAiO31zOjU6ImZsYXNoIjthOjI6e3M6Mzoib2xkIjthOjA6e31zOjM6Im5ldyI7YTowOnt9fX0=',1413195028),('f5c5da3e084b4a92f0f21a503f24293b7eccc640','YTozOntzOjY6Il90b2tlbiI7czo0MDoiOXdxTW5JRkxoT1pRdmM2WWhHZFRGMWFTamJ3TER1Slp3R3Ztd1RxbyI7czo5OiJfc2YyX21ldGEiO2E6Mzp7czoxOiJ1IjtpOjE0MTMxODgxNjA7czoxOiJjIjtpOjE0MTMxODgxNjA7czoxOiJsIjtzOjE6IjAiO31zOjU6ImZsYXNoIjthOjI6e3M6Mzoib2xkIjthOjA6e31zOjM6Im5ldyI7YTowOnt9fX0=',1413188161),('f624240a98881ad383beeb325d7418846693b1f5','YTozOntzOjY6Il90b2tlbiI7czo0MDoiOUREYXJBbFZxMmw2VGp0cEtmdUhCbTBTVXpFblp5dmRoVHR4dklYTiI7czo5OiJfc2YyX21ldGEiO2E6Mzp7czoxOiJ1IjtpOjE0MTMyMDAxNjk7czoxOiJjIjtpOjE0MTMyMDAxNjk7czoxOiJsIjtzOjE6IjAiO31zOjU6ImZsYXNoIjthOjI6e3M6Mzoib2xkIjthOjA6e31zOjM6Im5ldyI7YTowOnt9fX0=',1413200169),('f68865f582fc7ee75b052084324b6cadff9c1da1','YTo0OntzOjY6Il90b2tlbiI7czo0MDoiWTdGNzFYc3lCb2tVdm5FcE9hSnREQWVPSlpoNDRST0hqWEd4NmNDTSI7czozOiJ1cmwiO2E6MTp7czo4OiJpbnRlbmRlZCI7czoyODoiaHR0cDovLzE5Mi4xNjguMzMuMTAvcHJvZmlsZSI7fXM6OToiX3NmMl9tZXRhIjthOjM6e3M6MToidSI7aToxNDEyOTQ1NzA3O3M6MToiYyI7aToxNDEyOTQ1NzA3O3M6MToibCI7czoxOiIwIjt9czo1OiJmbGFzaCI7YToyOntzOjM6Im9sZCI7YTowOnt9czozOiJuZXciO2E6MDp7fX19',1412945707),('f6b756e55733827ffccfd4104b338c8eef42e857','YTo0OntzOjY6Il90b2tlbiI7czo0MDoiVTNjRkxYbjZSaHoxU0VTUVFKQnZENzRva2djSEhwOFNCTW1YdnZ1UiI7czozOiJ1cmwiO2E6MTp7czo4OiJpbnRlbmRlZCI7czoyODoiaHR0cDovLzE5Mi4xNjguMzMuMTAvcHJvZmlsZSI7fXM6OToiX3NmMl9tZXRhIjthOjM6e3M6MToidSI7aToxNDEyOTQ1NjUxO3M6MToiYyI7aToxNDEyOTQ1NjUxO3M6MToibCI7czoxOiIwIjt9czo1OiJmbGFzaCI7YToyOntzOjM6Im9sZCI7YTowOnt9czozOiJuZXciO2E6MDp7fX19',1412945651),('f950df5ddd70fab0c230be15f5dc72edfb6da5d4','YTozOntzOjY6Il90b2tlbiI7czo0MDoic3lmYUFCTEhDaWY0bmYwa3poaXVNU280eWdHTFR1TDBHQkNmcHVsNCI7czo5OiJfc2YyX21ldGEiO2E6Mzp7czoxOiJ1IjtpOjE0MTI5MzQ0MzU7czoxOiJjIjtpOjE0MTI5MzQ0MzU7czoxOiJsIjtzOjE6IjAiO31zOjU6ImZsYXNoIjthOjI6e3M6Mzoib2xkIjthOjA6e31zOjM6Im5ldyI7YTowOnt9fX0=',1412934435),('f9d36019031c4a42f1496057d03453bc69c1014d','YTozOntzOjY6Il90b2tlbiI7czo0MDoiMEV2TE5QZ1dNUHBJZ01adm5KUUJMUTBGUVJneDZITXlLcHhldlU3OCI7czo5OiJfc2YyX21ldGEiO2E6Mzp7czoxOiJ1IjtpOjE0MTMyMTI2OTk7czoxOiJjIjtpOjE0MTMyMTI2OTk7czoxOiJsIjtzOjE6IjAiO31zOjU6ImZsYXNoIjthOjI6e3M6Mzoib2xkIjthOjA6e31zOjM6Im5ldyI7YTowOnt9fX0=',1413212700),('fa6c4875b506deb0fe14f0fde146fa235435535b','YTo0OntzOjY6Il90b2tlbiI7czo0MDoiNzREZG9ua2pCblNaaW5ObnFWMlI0T2dQWGg3bXBEZEJDaGw5MDRObiI7czozOiJ1cmwiO2E6MTp7czo4OiJpbnRlbmRlZCI7czoyODoiaHR0cDovLzE5Mi4xNjguMzMuMTAvcHJvZmlsZSI7fXM6OToiX3NmMl9tZXRhIjthOjM6e3M6MToidSI7aToxNDEyOTQ2MTE0O3M6MToiYyI7aToxNDEyOTQ2MTE0O3M6MToibCI7czoxOiIwIjt9czo1OiJmbGFzaCI7YToyOntzOjM6Im9sZCI7YTowOnt9czozOiJuZXciO2E6MDp7fX19',1412946114),('fa96e4f8319d67f50af594e6977897e2b5671c38','YTozOntzOjY6Il90b2tlbiI7czo0MDoid0t5dzVFaHEwakQwcXNJckh3dGRmYVI1TnlydUs5eDhHcGx1bGVaRCI7czo5OiJfc2YyX21ldGEiO2E6Mzp7czoxOiJ1IjtpOjE0MTI5Mzc0Mjc7czoxOiJjIjtpOjE0MTI5Mzc0Mjc7czoxOiJsIjtzOjE6IjAiO31zOjU6ImZsYXNoIjthOjI6e3M6Mzoib2xkIjthOjA6e31zOjM6Im5ldyI7YTowOnt9fX0=',1412937427),('fac3b6e20ba71fc89c73cc6b399bd7bb95199800','YTozOntzOjY6Il90b2tlbiI7czo0MDoiaFNTc2NHWkR2WVprbnIxZnFYZjN2N0FsMGZpbFRkY0toZUZ4N0tjRSI7czo5OiJfc2YyX21ldGEiO2E6Mzp7czoxOiJ1IjtpOjE0MTMxOTM0ODQ7czoxOiJjIjtpOjE0MTMxOTM0ODQ7czoxOiJsIjtzOjE6IjAiO31zOjU6ImZsYXNoIjthOjI6e3M6Mzoib2xkIjthOjA6e31zOjM6Im5ldyI7YTowOnt9fX0=',1413193485),('fbdeecd012913351d487b36719df9e92adf7eb7a','YTozOntzOjY6Il90b2tlbiI7czo0MDoiWnBNbTNKTXcwclJXejZNN2dGV1Q4TDFlODJUM3pDNXRLWmtNbnlRdiI7czo5OiJfc2YyX21ldGEiO2E6Mzp7czoxOiJ1IjtpOjE0MTMxODY2MzA7czoxOiJjIjtpOjE0MTMxODY2MzA7czoxOiJsIjtzOjE6IjAiO31zOjU6ImZsYXNoIjthOjI6e3M6Mzoib2xkIjthOjA6e31zOjM6Im5ldyI7YTowOnt9fX0=',1413186630),('fc1fb8e72fcafe5c9f1ea2f1acca0d8c669c733e','YTozOntzOjY6Il90b2tlbiI7czo0MDoiUmlJd09hU2hPUDhFdlMzOFFwM3E3bEJNN0FjdTZHRWRvZ0Rpa2Y3MyI7czo5OiJfc2YyX21ldGEiO2E6Mzp7czoxOiJ1IjtpOjE0MTI5NDEwMDU7czoxOiJjIjtpOjE0MTI5NDEwMDU7czoxOiJsIjtzOjE6IjAiO31zOjU6ImZsYXNoIjthOjI6e3M6Mzoib2xkIjthOjA6e31zOjM6Im5ldyI7YTowOnt9fX0=',1412941005),('fc539a1cc50d7e1221af484ad8832ee05e06282f','YTozOntzOjY6Il90b2tlbiI7czo0MDoiVHJFOVhtSFJ2dGZsbWh1NUt1aWs4S1RDZU9TVGtHVUc2ZkNYdXYxaCI7czo5OiJfc2YyX21ldGEiO2E6Mzp7czoxOiJ1IjtpOjE0MTI5MzMzNjI7czoxOiJjIjtpOjE0MTI5MzMzNjI7czoxOiJsIjtzOjE6IjAiO31zOjU6ImZsYXNoIjthOjI6e3M6Mzoib2xkIjthOjA6e31zOjM6Im5ldyI7YTowOnt9fX0=',1412933362),('fd7bf60b76e0db643341be9d5244f0361a2ea750','YTozOntzOjY6Il90b2tlbiI7czo0MDoiTXVMT3dwWW5iNXZXdkdRemZ3dXNJUUg2TU1YWmlkSzZCb0hWMUdtQSI7czo5OiJfc2YyX21ldGEiO2E6Mzp7czoxOiJ1IjtpOjE0MTMyMDY4NDA7czoxOiJjIjtpOjE0MTMyMDY4NDA7czoxOiJsIjtzOjE6IjAiO31zOjU6ImZsYXNoIjthOjI6e3M6Mzoib2xkIjthOjA6e31zOjM6Im5ldyI7YTowOnt9fX0=',1413206840),('fd8588dd64b42478522d1c80b7ec6509676f2d20','YTozOntzOjY6Il90b2tlbiI7czo0MDoiVTRXem04NHBqT3hsMjBXQzl5bU5rYW1iWDJzcmdjNUVCaHFGT0hhZyI7czo5OiJfc2YyX21ldGEiO2E6Mzp7czoxOiJ1IjtpOjE0MTI5MzUyNDg7czoxOiJjIjtpOjE0MTI5MzUyNDg7czoxOiJsIjtzOjE6IjAiO31zOjU6ImZsYXNoIjthOjI6e3M6Mzoib2xkIjthOjA6e31zOjM6Im5ldyI7YTowOnt9fX0=',1412935248),('fe5cdec3e67711ec283556476c32ca7e1cf20159','YTozOntzOjY6Il90b2tlbiI7czo0MDoiNElzYU1jb2JxS2NRNEdxVWYzMlBBVFR3YlJ2TkYxWVVabGpzSEh6ZyI7czo5OiJfc2YyX21ldGEiO2E6Mzp7czoxOiJ1IjtpOjE0MTI5MzI0MzA7czoxOiJjIjtpOjE0MTI5MzI0MzA7czoxOiJsIjtzOjE6IjAiO31zOjU6ImZsYXNoIjthOjI6e3M6Mzoib2xkIjthOjA6e31zOjM6Im5ldyI7YTowOnt9fX0=',1412932430),('ffd74c99af3f154a105a2d6730def02549ec150e','YTozOntzOjY6Il90b2tlbiI7czo0MDoic0hFNWlkdVh6TkxQc1FxbzlQQWk2Z3pUN0xESHVXa1B2bzJGb0NTSyI7czo5OiJfc2YyX21ldGEiO2E6Mzp7czoxOiJ1IjtpOjE0MTI5MzkyODE7czoxOiJjIjtpOjE0MTI5MzkyODE7czoxOiJsIjtzOjE6IjAiO31zOjU6ImZsYXNoIjthOjI6e3M6Mzoib2xkIjthOjA6e31zOjM6Im5ldyI7YTowOnt9fX0=',1412939281);

#
# Structure for table "users"
#

DROP TABLE IF EXISTS `users`;
CREATE TABLE `users` (
  `id` int(10) unsigned NOT NULL AUTO_INCREMENT,
  `username` varchar(255) NOT NULL,
  `email` varchar(255) NOT NULL,
  `password` varchar(320) NOT NULL DEFAULT '',
  `created_at` timestamp NOT NULL DEFAULT '0000-00-00 00:00:00',
  `updated_at` timestamp NOT NULL DEFAULT '0000-00-00 00:00:00',
  `remember_token` varchar(255) NOT NULL,
  `user_role` enum('user','org_admin','super_admin') DEFAULT 'user',
  PRIMARY KEY (`id`)
) ENGINE=InnoDB AUTO_INCREMENT=7 DEFAULT CHARSET=utf8;

#
# Data for table "users"
#

INSERT INTO `users` VALUES (1,'shyam','shyam.webdev@gmail.com','$2y$10$HU8lFL2/69NQ3uZJ./IXguTP/Q7Nujpr5AIzvpkCkHkYrBcdRB0i6','2014-10-09 11:59:19','2014-10-09 11:59:19','5D3s7pi1s2hW0PaKNuOv4iywteMXfchnEOTrWddF2ZFPZSveKuchHF14x984','super_admin'),(2,'shilpa','shilpa@gmail.com','$2y$10$HU8lFL2/69NQ3uZJ./IXguTP/Q7Nujpr5AIzvpkCkHkYrBcdRB0i6','0000-00-00 00:00:00','0000-00-00 00:00:00','','org_admin'),(6,'shyam','shyam.webdev2@gmail.com','$2y$10$ypRDVxqXaxbV4VhOrwnrF.QC6tuVQ0tAaKUs5mIqpZ3ReWHR6uRuu','2014-10-10 13:03:52','2014-10-10 13:03:52','','user');
